Promoter Details,Project Details
https://rera.tn.gov.in/public-view1/building/pfirm/b20b9910-c65d-11ee-bc3a-85169d312d94,https://rera.tn.gov.in/public-view2/building/pfirm/b8a59d40-c661-11ee-bac2-05b3e9af53f9
https://rera.tn.gov.in/public-view1/building/pindividiual/c2d95430-caf7-11ee-8364-d5a2910509de,https://rera.tn.gov.in/public-view2/building/pindividiual/7ae29410-cbd3-11ee-85be-3599a2cc0bac
https://rera.tn.gov.in/public-view1/building/pfirm/93584fc0-ceed-11ee-8d85-59eeff3b1de5,https://rera.tn.gov.in/public-view2/building/pfirm/1c550540-cef5-11ee-ab60-a1335f41de76
https://rera.tn.gov.in/public-view1/building/pfirm/268fc320-cfb8-11ee-8c79-fdd9f2a8c8ab,https://rera.tn.gov.in/public-view2/building/pfirm/40ce6a40-cfc2-11ee-bc75-91f266848bb9
https://rera.tn.gov.in/public-view1/building/pfirm/97b2c040-c980-11ee-b537-b98a1378758a,https://rera.tn.gov.in/public-view2/building/pfirm/bcd1b7f0-c983-11ee-bdda-1b8686251adb
https://rera.tn.gov.in/public-view1/building/pfirm/40e37590-ca88-11ee-b0a1-d9de3d933da9,https://rera.tn.gov.in/public-view2/building/pfirm/65e22380-ca8f-11ee-8bab-b98c6535b8fe
https://rera.tn.gov.in/public-view1/building/pfirm/2fe11b20-c272-11ee-a6bb-3d1d971783bb,https://rera.tn.gov.in/public-view2/building/pfirm/283d27f0-c279-11ee-afa2-03677af7a11e
https://rera.tn.gov.in/public-view1/building/pindividiual/00a8cf30-da09-11ee-963a-f970af9b18a3,https://rera.tn.gov.in/public-view2/building/pindividiual/b01619d0-da4d-11ee-9b19-33ec942c83a2
https://rera.tn.gov.in/public-view1/building/pfirm/38a58a70-d89d-11ee-8f89-73d042a8316c,https://rera.tn.gov.in/public-view2/building/pfirm/022e0b30-d8a6-11ee-aa61-b988ce9aaaa0
https://rera.tn.gov.in/public-view1/building/pfirm/55897600-c57d-11ee-9d83-b911be146d01,https://rera.tn.gov.in/public-view2/building/pfirm/680b4a90-c587-11ee-9fc9-a1850c2475ab
https://rera.tn.gov.in/public-view1/building/pfirm/feb381a0-e040-11ee-a558-db5b3679e8a3,https://rera.tn.gov.in/public-view2/building/pfirm/feedec60-e100-11ee-a0c4-0522938607ff
https://rera.tn.gov.in/public-view1/building/pfirm/fbd567b0-d7e2-11ee-aabf-7d75aa7bf508,https://rera.tn.gov.in/public-view2/building/pfirm/7c95a540-d7e9-11ee-a004-f14f3593a1aa
https://rera.tn.gov.in/public-view1/building/pfirm/cb97b760-d340-11ee-82f8-1d0cdeab6e12,https://rera.tn.gov.in/public-view2/building/pfirm/68ef0f20-d345-11ee-8c1b-936653a80dbd
https://rera.tn.gov.in/public-view1/building/pfirm/bd40ee30-d37f-11ee-b297-33930779c3d2,https://rera.tn.gov.in/public-view2/building/pfirm/86ce8f00-d3e6-11ee-9968-e5d543615dcc
https://rera.tn.gov.in/public-view1/building/pfirm/55e76e70-cbd2-11ee-90be-59cadae9f09a,https://rera.tn.gov.in/public-view2/building/pfirm/8ff977c0-cbf2-11ee-96d2-f1bc8cbcdd58
https://rera.tn.gov.in/public-view1/building/pfirm/4d31f090-d55a-11ee-8da8-bda6acf225ee,https://rera.tn.gov.in/public-view2/building/pfirm/dbff7ec0-d55d-11ee-b3d6-e921d57f6e41
https://rera.tn.gov.in/public-view1/building/pfirm/90dbc740-dfc2-11ee-9334-9515b0b47047,https://rera.tn.gov.in/public-view2/building/pfirm/c3724860-dfc6-11ee-b028-8b0615382a2d
https://rera.tn.gov.in/public-view1/building/pfirm/1e423470-db89-11ee-accb-3154dde46f07,https://rera.tn.gov.in/public-view2/building/pfirm/140b8460-db92-11ee-a73a-a34fdd403edb
https://rera.tn.gov.in/public-view1/building/pindividiual/4892e600-dead-11ee-9898-5d3c88e023c4,https://rera.tn.gov.in/public-view2/building/pindividiual/23be3310-deb0-11ee-bb88-71a47fca2271
https://rera.tn.gov.in/public-view1/building/pfirm/0c4e6c20-dd16-11ee-bf2b-43d79aa3e41d,https://rera.tn.gov.in/public-view2/building/pfirm/b4c25a80-dd1d-11ee-b3f8-c3ff6ecea1f5
https://rera.tn.gov.in/public-view1/building/pfirm/c9a03e50-dd35-11ee-8ff5-7d5d8fc010e3,https://rera.tn.gov.in/public-view2/building/pfirm/a0065100-dd43-11ee-89b1-51752e36f38b
https://rera.tn.gov.in/public-view1/building/pfirm/4055b800-df88-11ee-9f46-abf5b30be5dc,https://rera.tn.gov.in/public-view2/building/pfirm/e7519180-df8a-11ee-81dc-a58d8db87afe
https://rera.tn.gov.in/public-view1/building/pfirm/380045d0-dd40-11ee-bc98-8da15fe2127b,https://rera.tn.gov.in/public-view2/building/pfirm/b2c379d0-df62-11ee-9631-3d41fb8d4e5b
https://rera.tn.gov.in/public-view1/building/pfirm/0a03b580-e066-11ee-b23d-a9de55667a94,https://rera.tn.gov.in/public-view2/building/pfirm/52d0ffd0-e06f-11ee-ac67-0b3f0a200972
https://rera.tn.gov.in/public-view1/building/pfirm/40e4afa0-e469-11ee-85e3-518cde1e8f0d,https://rera.tn.gov.in/public-view2/building/pfirm/b470d1a0-e76f-11ee-bbcc-ffe59c392587
https://rera.tn.gov.in/public-view1/building/pfirm/865b18f0-e8df-11ee-ad6a-d9c80cc2bb14,https://rera.tn.gov.in/public-view2/building/pfirm/32052fe0-e8ea-11ee-9770-e1c05be029af
https://rera.tn.gov.in/public-view1/building/pfirm/e9a5b580-dadf-11ee-8320-d13d2c004cc2,https://rera.tn.gov.in/public-view2/building/pfirm/d8de8c70-dc85-11ee-be96-0b4a5dcd5dbf
https://rera.tn.gov.in/public-view1/building/pfirm/39854f40-e529-11ee-99db-15613e249810,https://rera.tn.gov.in/public-view2/building/pfirm/3b5f3910-e607-11ee-ab77-bd12afbf179b
https://rera.tn.gov.in/public-view1/building/pfirm/c733d760-dba7-11ee-bfa3-51c1c27ffc97,https://rera.tn.gov.in/public-view2/building/pfirm/625ccdb0-e143-11ee-8efb-f1d243b8871f
https://rera.tn.gov.in/public-view1/building/pfirm/cf0a6a10-e294-11ee-a7eb-ebb9d3f9adad,https://rera.tn.gov.in/public-view2/building/pfirm/efbdaae0-e296-11ee-8471-63d8a33a837e
https://rera.tn.gov.in/public-view1/building/pfirm/c9331400-eda8-11ee-acec-4f3b8dfb0e2b,https://rera.tn.gov.in/public-view2/building/pfirm/352a1110-f1a3-11ee-9458-cded16fe790f
https://rera.tn.gov.in/public-view1/building/pfirm/4ab174a0-e1fe-11ee-a01a-176bbd6d978a,https://rera.tn.gov.in/public-view2/building/pfirm/6824fc50-e2d4-11ee-bd3d-c7ee1112df81
https://rera.tn.gov.in/public-view1/building/pfirm/8cf8fa10-ec47-11ee-9214-25940ffa9e20,https://rera.tn.gov.in/public-view2/building/pfirm/a2b24280-ed18-11ee-b5f0-df5f885e43f7
https://rera.tn.gov.in/public-view1/building/pindividiual/553f86d0-d85a-11ee-88c2-239731a6ee54,https://rera.tn.gov.in/public-view2/building/pindividiual/a86a2e80-d86e-11ee-a96a-cf5fd57a549d
https://rera.tn.gov.in/public-view1/building/pindividiual/d3ff95d0-e439-11ee-9148-05bc617c0de8,https://rera.tn.gov.in/public-view2/building/pindividiual/d3a99e10-e450-11ee-8a55-176d0695fcbd
https://rera.tn.gov.in/public-view1/building/pfirm/23cc4d40-f688-11ee-99b1-37dad7650bc2,https://rera.tn.gov.in/public-view2/building/pfirm/c9038df0-f690-11ee-a6f8-f9bf543ea41a
https://rera.tn.gov.in/public-view1/building/pfirm/69e16fb0-fa84-11ee-aedd-13e64b862146,https://rera.tn.gov.in/public-view2/building/pfirm/fa5b5d00-fa8f-11ee-b3aa-1770c582e2c9
https://rera.tn.gov.in/public-view1/building/pindividiual/0054efa0-e046-11ee-8a78-995ef07125f5,https://rera.tn.gov.in/public-view2/building/pindividiual/fad86370-e071-11ee-9856-573b8dfd02b0
https://rera.tn.gov.in/public-view1/building/pfirm/82f93d80-da3a-11ee-bd16-5bd0b892be5b,https://rera.tn.gov.in/public-view2/building/pfirm/7bdae8a0-dae9-11ee-bd8e-afa3cbea827c
https://rera.tn.gov.in/public-view1/building/pfirm/1cffd8a0-dd49-11ee-b6f2-f5fa0a14a55d,https://rera.tn.gov.in/public-view2/building/pfirm/0871cae0-e11d-11ee-94b2-ffaead3c556f
https://rera.tn.gov.in/public-view1/building/pfirm/909b0e90-e67d-11ee-94a7-9b41267d708e,https://rera.tn.gov.in/public-view2/building/pfirm/695cc3c0-e771-11ee-bf87-ed55952c301c
https://rera.tn.gov.in/public-view1/building/pfirm/c6a66aa0-e84c-11ee-b220-45df7b487005,https://rera.tn.gov.in/public-view2/building/pfirm/315fc880-e851-11ee-b6c5-efd8a389bd8a
https://rera.tn.gov.in/public-view1/building/pfirm/11b11100-eb63-11ee-8dc3-1d262799b98e,https://rera.tn.gov.in/public-view2/building/pfirm/e442b210-eb67-11ee-81c0-6b6ece7920a1
https://rera.tn.gov.in/public-view1/building/pfirm/f13d4f70-e4f7-11ee-a2c5-636a9bbb65db,https://rera.tn.gov.in/public-view2/building/pfirm/b9189320-e4fe-11ee-b5f8-99bfbc045917
https://rera.tn.gov.in/public-view1/building/pfirm/ecf8dea0-efd9-11ee-8b0a-d1bf002dfbfc,https://rera.tn.gov.in/public-view2/building/pfirm/405d9bf0-f0aa-11ee-b0e4-89157fe13589
https://rera.tn.gov.in/public-view1/building/pfirm/c6e8cde0-f118-11ee-85e1-352965411339,https://rera.tn.gov.in/public-view2/building/pfirm/80a61310-f764-11ee-8e6b-99b0290eb824
https://rera.tn.gov.in/public-view1/building/pfirm/34fed810-f649-11ee-8ecf-6bc6e95621e0,https://rera.tn.gov.in/public-view2/building/pfirm/9947dfa0-f7bc-11ee-a2d6-3b8bdf7d5a7e
https://rera.tn.gov.in/public-view1/building/pfirm/bccd7130-f8a2-11ee-9df4-ef7cf06177c1,https://rera.tn.gov.in/public-view2/building/pfirm/efc851f0-f985-11ee-b657-316c4616e94b
https://rera.tn.gov.in/public-view1/building/pfirm/58fc1e40-fd52-11ee-a472-e5ce59630f66,https://rera.tn.gov.in/public-view2/building/pfirm/efb2d700-fd55-11ee-b40d-890d33ccbba3
https://rera.tn.gov.in/public-view1/building/pfirm/cc915230-00b4-11ef-a2b9-351000a253cd,https://rera.tn.gov.in/public-view2/building/pfirm/8ed0d2c0-00bb-11ef-9319-af6102a82231
https://rera.tn.gov.in/public-view1/building/pfirm/5e29eb10-0134-11ef-9779-cf3a287de4e0,https://rera.tn.gov.in/public-view2/building/pfirm/60f74fd0-0165-11ef-bcbf-6f9302842ff5
https://rera.tn.gov.in/public-view1/building/pfirm/81f609e0-01a4-11ef-8da6-1554be4ee7e9,https://rera.tn.gov.in/public-view2/building/pfirm/cceafc10-028f-11ef-859a-25be6a0b512f
https://rera.tn.gov.in/public-view1/building/pfirm/7b59c520-f745-11ee-9152-11315e8ddd8e,https://rera.tn.gov.in/public-view2/building/pfirm/1855ef60-f7f0-11ee-8f0d-4789529720b8
https://rera.tn.gov.in/public-view1/building/pindividiual/da095150-dc4b-11ee-9c63-81a5999893ed,https://rera.tn.gov.in/public-view2/building/pindividiual/26320a60-dc51-11ee-84df-57d0a7b0b4c5
https://rera.tn.gov.in/public-view1/building/pfirm/dd5fd600-da2b-11ee-ad07-d99d581f27f6,https://rera.tn.gov.in/public-view2/building/pfirm/9ea99620-dae9-11ee-9bc0-5bb074fe1e41
https://rera.tn.gov.in/public-view1/building/pfirm/764b0c90-e65f-11ee-91a4-a134c6687786,https://rera.tn.gov.in/public-view2/building/pfirm/7bad0b90-e665-11ee-b670-0d59e53cd4cc
https://rera.tn.gov.in/public-view1/building/pfirm/8e08d110-dfaf-11ee-a2f7-4faf85fbcc2c,https://rera.tn.gov.in/public-view2/building/pfirm/042cb3b0-e076-11ee-8bf1-95d094ea97b5
https://rera.tn.gov.in/public-view1/building/pfirm/52dab3b0-f5d7-11ee-8153-e7a9ced0f57c,https://rera.tn.gov.in/public-view2/building/pfirm/30707470-f5df-11ee-8206-6580d1139724
https://rera.tn.gov.in/public-view1/building/pfirm/f21d97b0-d9f2-11ee-81da-df14194058db,https://rera.tn.gov.in/public-view2/building/pfirm/e1f99810-db08-11ee-8dd4-8d3fb44b2023
https://rera.tn.gov.in/public-view1/building/pfirm/32c77ce0-f0e8-11ee-9a4e-09b0ba960a77,https://rera.tn.gov.in/public-view2/building/pfirm/2d187c70-f186-11ee-9065-0d2fb13632de
https://rera.tn.gov.in/public-view1/building/pfirm/b78d20c0-0082-11ef-9e83-2d8d9d0da2cb,https://rera.tn.gov.in/public-view2/building/pfirm/12d53e30-0114-11ef-bf3f-8bb0ef761abd
https://rera.tn.gov.in/public-view1/building/pfirm/9ce72280-09e7-11ef-a31e-9711700f65ea,https://rera.tn.gov.in/public-view2/building/pfirm/2970de40-0a19-11ef-8554-732e6aedfbe2
https://rera.tn.gov.in/public-view1/building/pfirm/bc65f2a0-e126-11ee-aa11-6d59576ecb53,https://rera.tn.gov.in/public-view2/building/pfirm/2fdc3150-e1bd-11ee-a008-29992668649d
https://rera.tn.gov.in/public-view1/building/pfirm/288873f0-02dd-11ef-b78c-2357aa299961,https://rera.tn.gov.in/public-view2/building/pfirm/de057a70-02e9-11ef-ab61-87aec7966c75
https://rera.tn.gov.in/public-view1/building/pfirm/ebd5e2a0-0071-11ef-bb20-0bcf18935627,https://rera.tn.gov.in/public-view2/building/pfirm/dd980260-0092-11ef-8657-274d5e574763
https://rera.tn.gov.in/public-view1/building/pindividiual/21280320-c25b-11ee-a420-092a0eda5e9b,https://rera.tn.gov.in/public-view2/building/pindividiual/a59c5de0-c260-11ee-8f8f-c9feebd75895
https://rera.tn.gov.in/public-view1/building/pfirm/5472cc50-fbd0-11ee-b3e7-892ec514c1a2,https://rera.tn.gov.in/public-view2/building/pfirm/537b1500-0075-11ef-8240-6371caf9246e
https://rera.tn.gov.in/public-view1/building/pfirm/d6726710-ecf8-11ee-a6c5-2fd50c0eb61c,https://rera.tn.gov.in/public-view2/building/pfirm/99190ee0-ecfd-11ee-b759-f9b56fb666d5
https://rera.tn.gov.in/public-view1/building/pfirm/650e69c0-fb02-11ee-8e24-d37fa3bba375,https://rera.tn.gov.in/public-view2/building/pfirm/46f213d0-0472-11ef-af44-93be3713ff39
https://rera.tn.gov.in/public-view1/building/pfirm/ca6c4790-083f-11ef-86aa-a9942f29374b,https://rera.tn.gov.in/public-view2/building/pfirm/176d2370-0884-11ef-bce2-9522a3f30d36
https://rera.tn.gov.in/public-view1/building/pfirm/1c70b7b0-e8d9-11ee-a14e-7921fb60099a,https://rera.tn.gov.in/public-view2/building/pfirm/cea5e4d0-e8dc-11ee-8c8d-b3bfdfd3947b
https://rera.tn.gov.in/public-view1/building/pfirm/6fb74600-e06b-11ee-a7f4-ad806c78d352,https://rera.tn.gov.in/public-view2/building/pfirm/4291a320-e06e-11ee-835a-2bdb2bf2a901
https://rera.tn.gov.in/public-view1/building/pfirm/393ecad0-f712-11ee-ac32-47a657de9a6a,https://rera.tn.gov.in/public-view2/building/pfirm/644282a0-fca4-11ee-b366-351efcf4967f
https://rera.tn.gov.in/public-view1/building/pfirm/5999c600-046d-11ef-9298-31cca3ba2e71,https://rera.tn.gov.in/public-view2/building/pfirm/ed39a720-05f9-11ef-b9c1-7f7c0f7f9d0c
https://rera.tn.gov.in/public-view1/building/pfirm/eb528a60-0e29-11ef-ab23-970c05e41936,https://rera.tn.gov.in/public-view2/building/pfirm/81311110-0ef6-11ef-9fb4-37313f66bfbd
https://rera.tn.gov.in/public-view1/building/pfirm/0a01e150-0dc5-11ef-aef5-232848423c48,https://rera.tn.gov.in/public-view2/building/pfirm/76f9ea10-0e88-11ef-b6db-41d5e0b2b33d
https://rera.tn.gov.in/public-view1/building/pfirm/0e881830-e694-11ee-bf83-5336ff6d9884,https://rera.tn.gov.in/public-view2/building/pfirm/d771a660-e756-11ee-93fe-fbab94145b80
https://rera.tn.gov.in/public-view1/building/pfirm/55068860-11cb-11ef-ba45-c94a6f3ef2d4,https://rera.tn.gov.in/public-view2/building/pfirm/250901b0-11d6-11ef-b0c4-11754ef3e409
https://rera.tn.gov.in/public-view1/building/pfirm/bea7c470-e83a-11ee-8b82-f313697f5807,https://rera.tn.gov.in/public-view2/building/pfirm/04521120-e83f-11ee-b9f0-e51ef075d423
https://rera.tn.gov.in/public-view1/building/pfirm/56937ca0-ffe4-11ee-9ecc-0b4836b3959a,https://rera.tn.gov.in/public-view2/building/pfirm/4c55cfc0-02d0-11ef-81d1-51d0b999d9e8
https://rera.tn.gov.in/public-view1/building/pfirm/a11b5c40-1736-11ef-9d07-b3ed46a7b745,https://rera.tn.gov.in/public-view2/building/pfirm/9f2fcfc0-173a-11ef-b3f6-9dd846bbc58f
https://rera.tn.gov.in/public-view1/building/pfirm/fa592b80-feda-11ee-91a4-bf2ff7a5a3d1,https://rera.tn.gov.in/public-view2/building/pfirm/e2e741b0-ffa3-11ee-9b47-bd5ebb3f7186
https://rera.tn.gov.in/public-view1/building/pfirm/3ff495f0-f0d2-11ee-b757-ab34e521b550,https://rera.tn.gov.in/public-view2/building/pfirm/72867eb0-f0db-11ee-a818-f575af0aa747
https://rera.tn.gov.in/public-view1/building/pfirm/db58cfc0-1855-11ef-9eed-79a58a325a84,https://rera.tn.gov.in/public-view2/building/pfirm/0e68c4c0-1861-11ef-93ed-bdf3ed20329e
https://rera.tn.gov.in/public-view1/building/pfirm/e8798010-03f8-11ef-97b9-c9d2080d2bad,https://rera.tn.gov.in/public-view2/building/pfirm/3db22240-03fd-11ef-948e-bb4a7b80b557
https://rera.tn.gov.in/public-view1/building/pfirm/d7d6f290-df70-11ee-9e11-6525115dabaf,https://rera.tn.gov.in/public-view2/building/pfirm/903c5290-e125-11ee-9a79-21a2d1a7673d
https://rera.tn.gov.in/public-view1/building/pindividiual/57705640-ec08-11ee-99de-b9b19ae07556,https://rera.tn.gov.in/public-view2/building/pindividiual/a654d500-ec10-11ee-b55e-65a182033579
https://rera.tn.gov.in/public-view1/building/pfirm/3ce2ba40-fc92-11ee-808f-1bc6bf1e61bc,https://rera.tn.gov.in/public-view2/building/pfirm/7bda56f0-fca0-11ee-b061-031be5be7d90
https://rera.tn.gov.in/public-view1/building/pfirm/d1962ba0-1a81-11ef-8e81-09396ddf4277,https://rera.tn.gov.in/public-view2/building/pfirm/c1fe4f30-1a88-11ef-a9e4-4d6632837689
https://rera.tn.gov.in/public-view1/building/pfirm/2c6f1f80-0efa-11ef-bc6a-131ca3431356,https://rera.tn.gov.in/public-view2/building/pfirm/f87483a0-0efd-11ef-bc48-a5e091fcbb21
https://rera.tn.gov.in/public-view1/building/pfirm/cbcc2df0-0f57-11ef-b613-29faf4951f24,https://rera.tn.gov.in/public-view2/building/pfirm/b2b8a940-0f5c-11ef-b514-517ea4ff14a4
https://rera.tn.gov.in/public-view1/building/pfirm/abbbe280-11b4-11ef-81a3-35fadae4e2a9,https://rera.tn.gov.in/public-view2/building/pfirm/5e272bd0-11c1-11ef-9357-7177ddc9f308
https://rera.tn.gov.in/public-view1/building/pindividiual/9a4b6690-edb1-11ee-8fa8-efbb4d9a5582,https://rera.tn.gov.in/public-view2/building/pindividiual/0b861af0-f40f-11ee-89bc-a940434ad6bc
https://rera.tn.gov.in/public-view1/building/pindividiual/1049e0e0-1144-11ef-8b85-c1b8f82cae64,https://rera.tn.gov.in/public-view2/building/pindividiual/45a17ac0-1a93-11ef-b348-4d0d6685a955
https://rera.tn.gov.in/public-view1/building/pindividiual/b6b6e9e0-ed3d-11ee-8a62-57c8d5f2f62e,https://rera.tn.gov.in/public-view2/building/pindividiual/8ce358d0-ed40-11ee-9656-0991805cfe5b
https://rera.tn.gov.in/public-view1/building/pfirm/c41cc3f0-0f02-11ef-8b06-55b5c3a1ecbd,https://rera.tn.gov.in/public-view2/building/pfirm/54cc1f20-0f07-11ef-a95a-61c41740117d
https://rera.tn.gov.in/public-view1/building/pfirm/b82d2c20-1d75-11ef-afd6-9765df222379,https://rera.tn.gov.in/public-view2/building/pfirm/88023c30-1d7a-11ef-a4cd-cd886971a3ae
https://rera.tn.gov.in/public-view1/building/pfirm/8af0d490-140e-11ef-81d7-6b8f83991bd8,https://rera.tn.gov.in/public-view2/building/pfirm/14bac030-143c-11ef-bea4-c73c3e950deb
https://rera.tn.gov.in/public-view1/building/pfirm/538e3900-10fd-11ef-91f6-57d4d4ad2eb8,https://rera.tn.gov.in/public-view2/building/pfirm/6654cb40-11d7-11ef-8327-13f54ec02acd
https://rera.tn.gov.in/public-view1/building/pfirm/27b1e990-fd59-11ee-a520-032b1c266a59,https://rera.tn.gov.in/public-view2/building/pfirm/76dd79e0-fd6f-11ee-b4d1-57bbc1a307b8
https://rera.tn.gov.in/public-view1/building/pfirm/aa68e1d0-2194-11ef-9000-cb5654ee9dcd,https://rera.tn.gov.in/public-view2/building/pfirm/69c4e600-2243-11ef-85fc-09086bc25d9a
https://rera.tn.gov.in/public-view1/building/pfirm/b83c2c70-0c40-11ef-b88c-61f898fd2559,https://rera.tn.gov.in/public-view2/building/pfirm/39af5990-0d35-11ef-b17f-b5deea09a7d7
https://rera.tn.gov.in/public-view1/building/pfirm/58acc9b0-02ca-11ef-ba69-410e38f0194c,https://rera.tn.gov.in/public-view2/building/pfirm/49d80a20-0f8f-11ef-8242-67251b22a7bb
https://rera.tn.gov.in/public-view1/building/pfirm/f40311e0-0cf6-11ef-a8fc-45311f7a3291,https://rera.tn.gov.in/public-view2/building/pfirm/658baaf0-0d15-11ef-931a-33eccdf39a7b
https://rera.tn.gov.in/public-view1/building/pfirm/8dc50190-edb1-11ee-868e-1fbab6605dcd,https://rera.tn.gov.in/public-view2/building/pfirm/d537f8d0-f3ff-11ee-9ca8-dfe17a0c6583
https://rera.tn.gov.in/public-view1/building/pfirm/21807a70-f57a-11ee-8ae1-7de23c9cf9ca,https://rera.tn.gov.in/public-view2/building/pfirm/5dbc6d10-f57d-11ee-8b14-7f703c9df665
https://rera.tn.gov.in/public-view1/building/pfirm/539efb50-2ada-11ef-a5d8-f106d819ea91,https://rera.tn.gov.in/public-view2/building/pfirm/2b545ad0-2ae1-11ef-94af-d5f6cbca161a
https://rera.tn.gov.in/public-view1/building/pfirm/457a1c40-2f8f-11ef-8ad1-118eb07b7a00,https://rera.tn.gov.in/public-view2/building/pfirm/42d22d80-2f95-11ef-ac61-452097580eb0
https://rera.tn.gov.in/public-view1/building/pfirm/d86e2300-27d3-11ef-88ef-45171187774a,https://rera.tn.gov.in/public-view2/building/pfirm/604fd440-27e3-11ef-bbd0-2fa805c7d65a
https://rera.tn.gov.in/public-view1/building/pfirm/edffd3d0-e12e-11ee-833a-31ceddefe106,https://rera.tn.gov.in/public-view2/building/pfirm/c71fc5e0-1e54-11ef-9186-e34755c619a2
https://rera.tn.gov.in/public-view1/building/pfirm/3e5cb830-0857-11ef-9ba9-a16afded0ed3,https://rera.tn.gov.in/public-view2/building/pfirm/5cdf0bd0-2eea-11ef-a00e-d16751b595ff
https://rera.tn.gov.in/public-view1/building/pfirm/593615c0-198d-11ef-9341-59cc7ea63f0e,https://rera.tn.gov.in/public-view2/building/pfirm/6b99db90-1992-11ef-b8f7-e108b3ff60d4
https://rera.tn.gov.in/public-view1/building/pfirm/042c0610-e85a-11ee-a9a8-610aef48d977,https://rera.tn.gov.in/public-view2/building/pfirm/cd8be500-eb3a-11ee-b02e-5f200e53482c
https://rera.tn.gov.in/public-view1/building/pfirm/352b9240-0dd5-11ef-9375-c15e499422da,https://rera.tn.gov.in/public-view2/building/pfirm/14ffa6c0-0ea3-11ef-bcb8-f1b2cd419e37
https://rera.tn.gov.in/public-view1/building/pfirm/81b97700-2e10-11ef-8ad4-49a76606e48a,https://rera.tn.gov.in/public-view2/building/pfirm/ad74a480-2e3d-11ef-9dc6-d5ba1acfcc2d
https://rera.tn.gov.in/public-view1/building/pfirm/9736c610-0ed3-11ef-846f-dbdd39997499,https://rera.tn.gov.in/public-view2/building/pfirm/778466e0-0ee1-11ef-83b2-594eec5837be
https://rera.tn.gov.in/public-view1/building/pfirm/7289f5d0-2a13-11ef-8391-bf64a5f5047c,https://rera.tn.gov.in/public-view2/building/pfirm/f14598e0-2ae0-11ef-9924-fd2d81d43e84
https://rera.tn.gov.in/public-view1/building/pfirm/a7b15ee0-223f-11ef-a7d1-730d8fd1a9a7,https://rera.tn.gov.in/public-view2/building/pfirm/2479fb30-224b-11ef-bac4-19631c7b848a
https://rera.tn.gov.in/public-view1/building/pfirm/93ef1380-3221-11ef-9df3-298cbae49309,https://rera.tn.gov.in/public-view2/building/pfirm/6ee52b50-3234-11ef-9135-9db0870569d0
https://rera.tn.gov.in/public-view1/building/pfirm/6e237e40-e358-11ee-83f2-738b212343db,https://rera.tn.gov.in/public-view2/building/pfirm/43059040-fb97-11ee-a43b-ab4de9f02750
https://rera.tn.gov.in/public-view1/building/pfirm/69675510-00a0-11ef-992a-af2fa8c29a7b,https://rera.tn.gov.in/public-view2/building/pfirm/76d6a560-00a6-11ef-907c-d903cbeda242
https://rera.tn.gov.in/public-view1/building/pfirm/5e5b6ad0-f005-11ee-90cf-eff74b287ce5,https://rera.tn.gov.in/public-view2/building/pfirm/2b560820-f03a-11ee-9f5c-4f84041060f6
https://rera.tn.gov.in/public-view1/building/pfirm/19fcba80-fba2-11ee-af3f-612734201c8e,https://rera.tn.gov.in/public-view2/building/pfirm/5b3a43c0-fd7b-11ee-923b-7172a7bddd7d
https://rera.tn.gov.in/public-view1/building/pfirm/bc5e0d00-084b-11ef-b1be-e1d957070805,https://rera.tn.gov.in/public-view2/building/pfirm/ae017d20-0875-11ef-8784-f3660e97a687
https://rera.tn.gov.in/public-view1/building/pfirm/8be6db30-2fe5-11ef-bd52-59d84a2ac8f0,https://rera.tn.gov.in/public-view2/building/pfirm/e6dfe850-2fea-11ef-ba31-098f7b6d5c30
https://rera.tn.gov.in/public-view1/building/pfirm/7a0a7120-32e5-11ef-befd-a7b343209120,https://rera.tn.gov.in/public-view2/building/pfirm/c5ebe270-32e8-11ef-a4e5-f794bc0551c0
https://rera.tn.gov.in/public-view1/building/pindividiual/f6c14440-3dee-11ef-8ac5-d518f4974709,https://rera.tn.gov.in/public-view2/building/pindividiual/ac700800-3eab-11ef-adc0-c9775c70d5a4
https://rera.tn.gov.in/public-view1/building/pfirm/3d6c33a0-1bf1-11ef-aa40-2525938f8e26,https://rera.tn.gov.in/public-view2/building/pfirm/76c93890-1bf5-11ef-ae8b-ed5fd9eae405
https://rera.tn.gov.in/public-view1/building/pfirm/072fdf60-2d57-11ef-bbd8-97a85babf643,https://rera.tn.gov.in/public-view2/building/pfirm/0da4bf20-2d5a-11ef-b4e2-116b37fcadde
https://rera.tn.gov.in/public-view1/building/pfirm/87882110-4056-11ef-8401-33a792a951de,https://rera.tn.gov.in/public-view2/building/pfirm/1e288960-40db-11ef-aec5-e59587cb963a
https://rera.tn.gov.in/public-view1/building/pfirm/05c421b0-2327-11ef-9716-d1ab9ecbe1b8,https://rera.tn.gov.in/public-view2/building/pfirm/6c9a2b30-2332-11ef-9ff3-5b8108659a7c
https://rera.tn.gov.in/public-view1/building/pfirm/38f81040-3b5c-11ef-84d8-4d4df43fe23b,https://rera.tn.gov.in/public-view2/building/pfirm/8953e160-3b6b-11ef-b109-bdf081d625a8
https://rera.tn.gov.in/public-view1/building/pfirm/085ce760-3d17-11ef-a828-b544387ba441,https://rera.tn.gov.in/public-view2/building/pfirm/69926510-3d26-11ef-9320-b9642a260f4a
https://rera.tn.gov.in/public-view1/building/pfirm/e701a5d0-3d2e-11ef-bc3c-e531c8c3840f,https://rera.tn.gov.in/public-view2/building/pfirm/384324d0-3dcc-11ef-8b31-dd80d714fed5
https://rera.tn.gov.in/public-view1/building/pfirm/7ec180d0-0b96-11ef-a11a-e5c5fb2889ff,https://rera.tn.gov.in/public-view2/building/pfirm/1e5726e0-0ba2-11ef-9015-8f47e00e3728
https://rera.tn.gov.in/public-view1/building/pfirm/e3817320-f66a-11ee-a230-4f632d9847a9,https://rera.tn.gov.in/public-view2/building/pfirm/130c5ab0-f66e-11ee-823c-6b4d252e94fc
https://rera.tn.gov.in/public-view1/building/pfirm/10dad570-fb8e-11ee-8f12-8b4fbaf609a4,https://rera.tn.gov.in/public-view2/building/pfirm/b47daf90-02aa-11ef-a5e5-93107341d486
https://rera.tn.gov.in/public-view1/building/pfirm/5e959bb0-3868-11ef-9509-a5bb276e2ae6,https://rera.tn.gov.in/public-view2/building/pfirm/ac196540-386a-11ef-98f0-dfe3bef64c6a
https://rera.tn.gov.in/public-view1/building/pfirm/480a3ec0-2d8a-11ef-ad8f-25f9181f9777,https://rera.tn.gov.in/public-view2/building/pfirm/6b195650-2d99-11ef-979d-2f8b826c13d9
https://rera.tn.gov.in/public-view1/building/pfirm/c95ee820-39bf-11ef-a11b-b70f313af103,https://rera.tn.gov.in/public-view2/building/pfirm/cc8c3090-3a00-11ef-a9c5-933c029b6eda
https://rera.tn.gov.in/public-view1/building/pfirm/46d158e0-31ee-11ef-9403-ed232b889d52,https://rera.tn.gov.in/public-view2/building/pfirm/5d3156d0-3217-11ef-97c1-ddcf2b7c3be7
https://rera.tn.gov.in/public-view1/building/pfirm/32ed0880-386b-11ef-bac6-db4cafa781cf,https://rera.tn.gov.in/public-view2/building/pfirm/7ced6d40-3875-11ef-ba36-5b5abc6f2044
https://rera.tn.gov.in/public-view1/building/pfirm/c7699bb0-3ab3-11ef-8f34-3dbe9fda08bf,https://rera.tn.gov.in/public-view2/building/pfirm/8edc0060-4417-11ef-98e7-7d468c18e26f
https://rera.tn.gov.in/public-view1/building/pfirm/5361b970-3e9e-11ef-a6af-099fa4cc43c1,https://rera.tn.gov.in/public-view2/building/pfirm/2d12e700-3eb4-11ef-bec7-0f55f256164d
https://rera.tn.gov.in/public-view1/building/pfirm/a9c26f10-0dfa-11ef-b57a-d133427d8ec7,https://rera.tn.gov.in/public-view2/building/pfirm/eed7b750-3069-11ef-8a86-0d731b8b4aef
https://rera.tn.gov.in/public-view1/building/pfirm/abe3b4e0-1fea-11ef-aa10-0bae87b718ec,https://rera.tn.gov.in/public-view2/building/pfirm/9ec648d0-1ff7-11ef-8614-35ab5fccc1a1
https://rera.tn.gov.in/public-view1/building/pfirm/d550c040-2958-11ef-9338-63797f4cd453,https://rera.tn.gov.in/public-view2/building/pfirm/11e278a0-2962-11ef-bf45-8b14b3d9fdc6
https://rera.tn.gov.in/public-view1/building/pfirm/d15448b0-3dbd-11ef-8b38-877ebfc630a8,https://rera.tn.gov.in/public-view2/building/pfirm/1675ae90-3e94-11ef-9afe-3b9a51396019
https://rera.tn.gov.in/public-view1/building/pfirm/a6ae3680-4115-11ef-b399-8314f10ed074,https://rera.tn.gov.in/public-view2/building/pfirm/5e8af2a0-4121-11ef-98b0-d3f1484044f8
https://rera.tn.gov.in/public-view1/building/pfirm/baf11c90-48c2-11ef-bba4-2b128f031b37,https://rera.tn.gov.in/public-view2/building/pfirm/533c4790-48cc-11ef-8d0e-2b6c461ab592
https://rera.tn.gov.in/public-view1/building/pfirm/f1490ab0-4956-11ef-a9cf-ffda32e908e8,https://rera.tn.gov.in/public-view2/building/pfirm/13a8aae0-495d-11ef-8b55-b70fcb0a6264
https://rera.tn.gov.in/public-view1/building/pfirm/4574e540-2171-11ef-a574-4de9e19c20c0,https://rera.tn.gov.in/public-view2/building/pfirm/ca1a8660-27e2-11ef-942e-b3d55c3bdb8f
https://rera.tn.gov.in/public-view1/building/pfirm/a1d3a0b0-4bf0-11ef-8cd0-f14d90632491,https://rera.tn.gov.in/public-view2/building/pfirm/bc83db50-4bfe-11ef-bbf4-23733fbd1a1d
https://rera.tn.gov.in/public-view1/building/pfirm/f9e8db30-4c12-11ef-8abe-17e5f4403df8,https://rera.tn.gov.in/public-view2/building/pfirm/0daebe70-4c17-11ef-9e00-0b73a93102f0
https://rera.tn.gov.in/public-view1/building/pfirm/cf890f20-06bf-11ef-b117-b735c549bed6,https://rera.tn.gov.in/public-view2/building/pfirm/726b60e0-06cb-11ef-83d1-51e9f823d6e1
https://rera.tn.gov.in/public-view1/building/pfirm/64e337e0-4ca8-11ef-84f0-6528574b77c5,https://rera.tn.gov.in/public-view2/building/pfirm/0375d020-4cae-11ef-97de-0b2ae79b5dea
https://rera.tn.gov.in/public-view1/building/pfirm/60357280-3451-11ef-a31b-e56539253bce,https://rera.tn.gov.in/public-view2/building/pfirm/1decf8a0-3486-11ef-9123-47273ceb378c
https://rera.tn.gov.in/public-view1/building/pfirm/f9b03e10-3f76-11ef-9140-e9bd7b0fdd1f,https://rera.tn.gov.in/public-view2/building/pfirm/04941fc0-4292-11ef-a411-1d59283ad584
https://rera.tn.gov.in/public-view1/building/pfirm/ce484440-3e82-11ef-b55f-670d61a4bef1,https://rera.tn.gov.in/public-view2/building/pfirm/3633f5d0-3f47-11ef-8c93-21e5f54a1dff
https://rera.tn.gov.in/public-view1/building/pfirm/57d0d720-4dc1-11ef-be29-d3cfa6c222cd,https://rera.tn.gov.in/public-view2/building/pfirm/fa2d1a40-4e97-11ef-a212-299ae08807d8
https://rera.tn.gov.in/public-view1/building/pfirm/3a22a260-3eec-11ef-887b-2d3102b021fc,https://rera.tn.gov.in/public-view2/building/pfirm/b912a450-3ef1-11ef-aa66-694613e73bfb
https://rera.tn.gov.in/public-view1/building/pfirm/d460a550-3515-11ef-9145-a5437c2a7f12,https://rera.tn.gov.in/public-view2/building/pfirm/8f1f88c0-37a0-11ef-8582-371ec40b3279
https://rera.tn.gov.in/public-view1/building/pfirm/4b1e6410-44fa-11ef-a8bb-4131a320910e,https://rera.tn.gov.in/public-view2/building/pfirm/30f205d0-4671-11ef-bdc8-15e13dd9b6f1
https://rera.tn.gov.in/public-view1/building/pfirm/71997a40-5a3d-11ef-b0e8-8f57a213d1af,https://rera.tn.gov.in/public-view2/building/pfirm/3c6b8bc0-5bd1-11ef-91e2-ab16f41124ac
https://rera.tn.gov.in/public-view1/building/pfirm/9e973600-50a0-11ef-b5cb-234076402a39,https://rera.tn.gov.in/public-view2/building/pfirm/35cca840-50a4-11ef-94a4-7dee11083e73
https://rera.tn.gov.in/public-view1/building/pfirm/43fca6b0-2328-11ef-93cb-07e8e0528d6e,https://rera.tn.gov.in/public-view2/building/pfirm/5d676ff0-434c-11ef-8dff-5f10cba955ee
https://rera.tn.gov.in/public-view1/building/pfirm/ac448440-3089-11ef-80f9-399d955c1fdd,https://rera.tn.gov.in/public-view2/building/pfirm/c58e7de0-3093-11ef-a649-dd5fee990dd1
https://rera.tn.gov.in/public-view1/building/pindividiual/70851ea0-4693-11ef-aba4-899eba0d3b9a,https://rera.tn.gov.in/public-view2/building/pindividiual/6d417810-4820-11ef-958a-316e04563127
https://rera.tn.gov.in/public-view1/building/pfirm/9b74a780-4e63-11ef-9d30-970bfb471999,https://rera.tn.gov.in/public-view2/building/pfirm/a9e3dc00-5168-11ef-949f-c33ae7b0d11f
https://rera.tn.gov.in/public-view1/building/pfirm/6d99aed0-3507-11ef-b785-eddb036874c4,https://rera.tn.gov.in/public-view2/building/pfirm/39902570-385e-11ef-995b-212765431b41
https://rera.tn.gov.in/public-view1/building/pfirm/fcf7d510-32ec-11ef-8d9a-958b7ab56cf6,https://rera.tn.gov.in/public-view2/building/pfirm/57df0b30-32f2-11ef-8875-937e87750621
https://rera.tn.gov.in/public-view1/building/pfirm/f04e1ee0-3ab7-11ef-87a3-956d86e2d963,https://rera.tn.gov.in/public-view2/building/pfirm/0c268d60-3aca-11ef-833f-27033b463736
https://rera.tn.gov.in/public-view1/building/pfirm/8d451940-6764-11ef-a2b6-071a5449466e,https://rera.tn.gov.in/public-view2/building/pfirm/ae550330-6771-11ef-928a-05165cc5fc9a
https://rera.tn.gov.in/public-view1/building/pfirm/8048ce40-61d8-11ef-8511-3d01b09eb2de,https://rera.tn.gov.in/public-view2/building/pfirm/455aad00-61e1-11ef-ab18-f3bb7e061f90
https://rera.tn.gov.in/public-view1/building/pfirm/2e4507b0-6774-11ef-936f-254990efde46,https://rera.tn.gov.in/public-view2/building/pfirm/c4379bd0-6776-11ef-8f30-c531108a046b
https://rera.tn.gov.in/public-view1/building/pfirm/05480410-23f0-11ef-a7e0-c1f0d9496732,https://rera.tn.gov.in/public-view2/building/pfirm/30b25f20-23f4-11ef-9715-d5c19cbc887d
https://rera.tn.gov.in/public-view1/building/pfirm/e1352020-2978-11ef-999b-4f79e03feaed,https://rera.tn.gov.in/public-view2/building/pfirm/f3af2cb0-2a18-11ef-9f2d-d5c7ff9b8408
https://rera.tn.gov.in/public-view1/building/pfirm/f20e73d0-5a24-11ef-b2e6-0f8d27bf2a82,https://rera.tn.gov.in/public-view2/building/pfirm/89c16820-5a2b-11ef-97f4-e1bb1bd04d0c
https://rera.tn.gov.in/public-view1/building/pfirm/d2432b50-4688-11ef-b272-cb82b062b0f0,https://rera.tn.gov.in/public-view2/building/pfirm/cf999c30-48af-11ef-a0fb-97e983b6ff4a
https://rera.tn.gov.in/public-view1/building/pfirm/ed207b80-3f65-11ef-b93d-d3b17e74dbd5,https://rera.tn.gov.in/public-view2/building/pfirm/84819660-4a60-11ef-9f3f-3f484f2014d0
https://rera.tn.gov.in/public-view1/building/pfirm/6e3d9d90-4b3b-11ef-8b87-01017a4fe899,https://rera.tn.gov.in/public-view2/building/pfirm/e26766b0-4b3e-11ef-bd72-078844b3d42c
https://rera.tn.gov.in/public-view1/building/pfirm/2a4a1690-faeb-11ee-96dc-51a4f49d6af6,https://rera.tn.gov.in/public-view2/building/pfirm/34559630-2fd4-11ef-91d0-b56d80721556
https://rera.tn.gov.in/public-view1/building/pfirm/5ce87fc0-5dfa-11ef-90e9-e73eff4bb593,https://rera.tn.gov.in/public-view2/building/pfirm/9cc64740-5ee1-11ef-b62a-23a0664eef37
https://rera.tn.gov.in/public-view1/building/pfirm/fd6f8580-44d9-11ef-b29d-4f51a79c429a,https://rera.tn.gov.in/public-view2/building/pfirm/cdb308f0-45b3-11ef-964d-5b34ac782288
https://rera.tn.gov.in/public-view1/building/pfirm/f5492830-4438-11ef-9879-1d57b999d87d,https://rera.tn.gov.in/public-view2/building/pfirm/2e962ea0-4440-11ef-abb9-dd82319433c4
https://rera.tn.gov.in/public-view1/building/pfirm/b0d5c040-5561-11ef-bc95-9302e0f9b4ee,https://rera.tn.gov.in/public-view2/building/pfirm/09fbb1a0-5568-11ef-8241-238003101acb
https://rera.tn.gov.in/public-view1/building/pindividiual/736e43c0-638d-11ef-8f3b-09ef74c3304d,https://rera.tn.gov.in/public-view2/building/pindividiual/649f3360-638f-11ef-894a-db0f51ec3737
https://rera.tn.gov.in/public-view1/building/pindividiual/d35a6c40-5489-11ef-8a38-5de9ed6bb6c5,https://rera.tn.gov.in/public-view2/building/pindividiual/2ed7bcb0-556c-11ef-9903-afc1d17e3363
https://rera.tn.gov.in/public-view1/building/pfirm/17a77d30-4bdb-11ef-bb42-0153d923dc59,https://rera.tn.gov.in/public-view2/building/pfirm/15f63480-4d7e-11ef-a69b-7d81b7dbf3ae
https://rera.tn.gov.in/public-view1/building/pfirm/ac95ff50-5ec3-11ef-b2a1-853e818672c1,https://rera.tn.gov.in/public-view2/building/pfirm/8b4a6630-5ec9-11ef-bd75-1bc752a46b76
https://rera.tn.gov.in/public-view1/building/pfirm/9a084c00-4d81-11ef-bac7-1704a52b0d87,https://rera.tn.gov.in/public-view2/building/pfirm/06de6220-4d88-11ef-907e-4fd3ae7d44ab
https://rera.tn.gov.in/public-view1/building/pfirm/9aeebe40-608c-11ef-a560-edf2bbef82bb,https://rera.tn.gov.in/public-view2/building/pfirm/36a30a70-6090-11ef-b46e-7908edd06244
https://rera.tn.gov.in/public-view1/building/pfirm/8829a300-f7d0-11ee-beb5-3b51ca2dc74c,https://rera.tn.gov.in/public-view2/building/pfirm/bc185f60-443a-11ef-8a96-45002d481bcc
https://rera.tn.gov.in/public-view1/building/pfirm/7233e4e0-54a7-11ef-8898-bd5d505b2434,https://rera.tn.gov.in/public-view2/building/pfirm/387610c0-54b4-11ef-8efb-6d8232664038
https://rera.tn.gov.in/public-view1/building/pfirm/a67844a0-7191-11ef-96e5-6f3cdd10081d,https://rera.tn.gov.in/public-view2/building/pfirm/1e47cc70-71a8-11ef-ace3-05d95e24e821
https://rera.tn.gov.in/public-view1/building/pfirm/1c706860-4fed-11ef-8c04-2d5ae68430e7,https://rera.tn.gov.in/public-view2/building/pfirm/2bd5f490-4ff3-11ef-9cd2-53849bc2772a
https://rera.tn.gov.in/public-view1/building/pfirm/a3b9f700-6765-11ef-8c45-ab8c505fd16e,https://rera.tn.gov.in/public-view2/building/pfirm/9c50de60-676a-11ef-9398-8bfca12942a9
https://rera.tn.gov.in/public-view1/building/pfirm/23a37440-5643-11ef-870a-0f25c9d2e6d0,https://rera.tn.gov.in/public-view2/building/pfirm/2061c280-56e6-11ef-89ae-c95b5141a15b
https://rera.tn.gov.in/public-view1/building/pfirm/5fba91d0-1e91-11ef-a5a7-cba90bac6533,https://rera.tn.gov.in/public-view2/building/pfirm/cbae66d0-1e9e-11ef-bbc7-ddf7d7ee9799
https://rera.tn.gov.in/public-view1/building/pfirm/8eea90d0-8335-11ef-a168-63fb9697138d,https://rera.tn.gov.in/public-view2/building/pfirm/fffa6fd0-8491-11ef-90fc-afecda85116a
https://rera.tn.gov.in/public-view1/building/pfirm/e98eaae0-61df-11ef-9a2d-dd2723e21db3,https://rera.tn.gov.in/public-view2/building/pfirm/64d86390-61e9-11ef-b52b-9947962ba9a2
https://rera.tn.gov.in/public-view1/building/pfirm/baeefd60-5faf-11ef-b1d6-65d11af19aa4,https://rera.tn.gov.in/public-view2/building/pfirm/0b78ba30-5fb7-11ef-81a5-533f256d96d8
https://rera.tn.gov.in/public-view1/building/pfirm/4399b780-32da-11ef-9a96-e3528c951505,https://rera.tn.gov.in/public-view2/building/pfirm/5108ced0-4e37-11ef-9599-9b31c370eab2
https://rera.tn.gov.in/public-view1/building/pfirm/30bd0be0-6f6e-11ef-8934-c3444d7ee651,https://rera.tn.gov.in/public-view2/building/pfirm/ac2378a0-6f79-11ef-a41a-79f9f2bcca15
https://rera.tn.gov.in/public-view1/building/pfirm/dc8b7440-2e2f-11ef-9ec4-57bb7963f8f0,https://rera.tn.gov.in/public-view2/building/pfirm/f6ca13c0-2ede-11ef-a28e-437c5c7fea3e
https://rera.tn.gov.in/public-view1/building/pfirm/83c13830-6b62-11ef-ac76-d19fdbe92d0d,https://rera.tn.gov.in/public-view2/building/pfirm/02609e60-6b6c-11ef-aeb8-0bfb28146a00
https://rera.tn.gov.in/public-view1/building/pfirm/3a23f7f0-588f-11ef-801f-33f5c98c33f0,https://rera.tn.gov.in/public-view2/building/pfirm/322b94f0-589f-11ef-bb69-25dfe387200b
https://rera.tn.gov.in/public-view1/building/pfirm/ae68f710-6766-11ef-bdf0-75cd0a0e9565,https://rera.tn.gov.in/public-view2/building/pfirm/43379a60-676d-11ef-885d-955c0a372e34
https://rera.tn.gov.in/public-view1/building/pindividiual/88ec67a0-4bff-11ef-805b-bb478791fb4b,https://rera.tn.gov.in/public-view2/building/pindividiual/d20d7750-5a33-11ef-bcfb-6b7c4e28c6dc
https://rera.tn.gov.in/public-view1/building/pfirm/f29642a0-5551-11ef-b08d-c573ba49fcbe,https://rera.tn.gov.in/public-view2/building/pfirm/28657360-5565-11ef-ad2c-9d93956ed1c0
https://rera.tn.gov.in/public-view1/building/pfirm/6dcdcc60-5ef3-11ef-a65a-2fadb78ef799,https://rera.tn.gov.in/public-view2/building/pfirm/411e19e0-5efb-11ef-aebb-8fb6b0e199eb
https://rera.tn.gov.in/public-view1/building/pfirm/e8c9fd40-740d-11ef-8190-0dfcb972faa1,https://rera.tn.gov.in/public-view2/building/pfirm/f535d3c0-7413-11ef-ac4b-1d03e74dbcf3
https://rera.tn.gov.in/public-view1/building/pfirm/662839e0-77fc-11ef-9615-6f1ebfc1f277,https://rera.tn.gov.in/public-view2/building/pfirm/ff93e450-79c7-11ef-bec1-dfe729c43ae8
https://rera.tn.gov.in/public-view1/building/pfirm/b2598fd0-68e5-11ef-9447-5fa9064d6012,https://rera.tn.gov.in/public-view2/building/pfirm/27b0caa0-69ab-11ef-8bc3-43e1ac1a064f
https://rera.tn.gov.in/public-view1/building/pfirm/4e751240-7b0e-11ef-90ad-1f536794b47d,https://rera.tn.gov.in/public-view2/building/pfirm/33e79580-7b12-11ef-b497-c5fc3d4fb7f1
https://rera.tn.gov.in/public-view1/building/pfirm/2740bab0-0e97-11ef-bc63-b1aacbe8327f,https://rera.tn.gov.in/public-view2/building/pfirm/13ffc5b0-2edc-11ef-8fee-c724e425c8cf
https://rera.tn.gov.in/public-view1/building/pfirm/594eed20-3aba-11ef-a4f3-bdeb56367f8c,https://rera.tn.gov.in/public-view2/building/pfirm/57881040-3acb-11ef-ae28-a1bbb0f01f4c
https://rera.tn.gov.in/public-view1/building/pfirm/07dc9f00-3f52-11ef-a664-e3947b2d81f0,https://rera.tn.gov.in/public-view2/building/pfirm/feb37bb0-3f6c-11ef-b332-771e6b73df3a
https://rera.tn.gov.in/public-view1/building/pfirm/c1318a30-48e0-11ef-aea7-fd704bd47a27,https://rera.tn.gov.in/public-view2/building/pfirm/6dfdd5b0-48ea-11ef-aecd-e5cd371686f9
https://rera.tn.gov.in/public-view1/building/pfirm/13088ad0-3d00-11ef-bffb-79fceb39c8ec,https://rera.tn.gov.in/public-view2/building/pfirm/2f1d8d60-3dc7-11ef-a157-1d6f5c709662
https://rera.tn.gov.in/public-view1/building/pindividiual/45a71210-4049-11ef-8e9c-65fa267cdfd4,https://rera.tn.gov.in/public-view2/building/pindividiual/0c5067b0-4442-11ef-a9b3-77e98a70e97c
https://rera.tn.gov.in/public-view1/building/pfirm/32491390-597d-11ef-a367-bde154ef1b18,https://rera.tn.gov.in/public-view2/building/pfirm/fd08a240-5988-11ef-8e13-c34c9877b20f
https://rera.tn.gov.in/public-view1/building/pfirm/c72bda00-5f9c-11ef-977d-a134162c05e5,https://rera.tn.gov.in/public-view2/building/pfirm/cd02cbe0-6045-11ef-bde2-192ceef121bd
https://rera.tn.gov.in/public-view1/building/pfirm/e6bbd900-6533-11ef-ae50-63a3b238be69,https://rera.tn.gov.in/public-view2/building/pfirm/6ba518e0-65bf-11ef-a0a0-0ff93eb34a83
https://rera.tn.gov.in/public-view1/building/pfirm/e3367590-79a3-11ef-8f9c-db9b6a25849e,https://rera.tn.gov.in/public-view2/building/pfirm/2ca3edc0-79be-11ef-adb9-5b1638b743ae
https://rera.tn.gov.in/public-view1/building/pfirm/d11e5700-23fa-11ef-9793-57d3a1157e3b,https://rera.tn.gov.in/public-view2/building/pfirm/cc257900-3065-11ef-9f60-91f47906be27
https://rera.tn.gov.in/public-view1/building/pfirm/14520d20-69b2-11ef-88bd-2d5984cf07de,https://rera.tn.gov.in/public-view2/building/pfirm/60a40f60-6a97-11ef-b59e-b329c57477c9
https://rera.tn.gov.in/public-view1/building/pindividiual/0359a720-e78f-11ee-9286-bfd144cef0f7,https://rera.tn.gov.in/public-view2/building/pindividiual/b69d11b0-1dcf-11ef-8602-61e173675a85
https://rera.tn.gov.in/public-view1/building/pfirm/59a93a10-6b66-11ef-b2cd-737cee31745d,https://rera.tn.gov.in/public-view2/building/pfirm/1ed31f90-6b6a-11ef-b0cf-c717f527d338
https://rera.tn.gov.in/public-view1/building/pindividiual/62361980-77f0-11ef-a89d-9353a26a25ca,https://rera.tn.gov.in/public-view2/building/pindividiual/bd9428d0-8701-11ef-878c-77411259faec
https://rera.tn.gov.in/public-view1/building/pfirm/72fbf9b0-592f-11ef-ad01-49dd34b04eb0,https://rera.tn.gov.in/public-view2/building/pfirm/0a7eb090-594f-11ef-bdbf-7d9a466112ab
https://rera.tn.gov.in/public-view1/building/pindividiual/d0227bc0-77eb-11ef-ac06-cd0093816a35,https://rera.tn.gov.in/public-view2/building/pindividiual/07f78b90-77f5-11ef-8028-67ceceda895c
https://rera.tn.gov.in/public-view1/building/pfirm/3aafd6b0-82d8-11ef-8a2a-49415ba5bfb7,https://rera.tn.gov.in/public-view2/building/pfirm/47008f70-82da-11ef-a3cd-c1f12be59578
https://rera.tn.gov.in/public-view1/building/pfirm/c9e96770-8796-11ef-9151-fb901f7c4bcf,https://rera.tn.gov.in/public-view2/building/pfirm/38df71b0-879d-11ef-92b0-31ca86eed294
https://rera.tn.gov.in/public-view1/building/pfirm/d17cee10-59fd-11ef-a484-9311ab3aea03,https://rera.tn.gov.in/public-view2/building/pfirm/b689b8c0-5a07-11ef-aa26-a9e9f12e92b0
https://rera.tn.gov.in/public-view1/building/pfirm/a9e34b60-6c18-11ef-af3c-9bfcf0bd2ef5,https://rera.tn.gov.in/public-view2/building/pfirm/3fdd8220-6e8c-11ef-802b-fb8c47527a3e
https://rera.tn.gov.in/public-view1/building/pfirm/4ad0d670-7fe0-11ef-a0cf-7f6a5e8b33fc,https://rera.tn.gov.in/public-view2/building/pfirm/476bc810-7fe7-11ef-9ad5-a33a13005e12
https://rera.tn.gov.in/public-view1/building/pfirm/dc83fec0-7045-11ef-8de5-d18e104fa1a5,https://rera.tn.gov.in/public-view2/building/pfirm/ce7cd4d0-7052-11ef-965f-7fbfd828bc52
https://rera.tn.gov.in/public-view1/building/pfirm/9fec3a00-8242-11ef-b2ec-0b77669613d6,https://rera.tn.gov.in/public-view2/building/pfirm/20964fd0-833a-11ef-9ed9-57d059d9ba61
https://rera.tn.gov.in/public-view1/building/pindividiual/584827c0-7be8-11ef-8353-6b7238473325,https://rera.tn.gov.in/public-view2/building/pindividiual/edbb79d0-8afb-11ef-a25f-c9b209dbb41e
https://rera.tn.gov.in/public-view1/building/pindividiual/f17d2bf0-4e4f-11ef-9eb2-d9e724beb41d,https://rera.tn.gov.in/public-view2/building/pindividiual/13f63180-4fe6-11ef-b10d-13a6ea381e63
https://rera.tn.gov.in/public-view1/building/pindividiual/01460750-8316-11ef-a103-7df21adb8eb9,https://rera.tn.gov.in/public-view2/building/pindividiual/dd7024b0-83e6-11ef-a8bd-5fdc8257e5df
https://rera.tn.gov.in/public-view1/building/pfirm/4100fd70-9298-11ef-8a43-e374cb86a418,https://rera.tn.gov.in/public-view2/building/pfirm/562050f0-92ae-11ef-a89b-cf3563597a5b
https://rera.tn.gov.in/public-view1/building/pfirm/901fd230-95fe-11ef-a67e-2bb9810085b7,https://rera.tn.gov.in/public-view2/building/pfirm/ca88eab0-9601-11ef-a227-53fa657e815f
https://rera.tn.gov.in/public-view1/building/pfirm/11e8e780-643f-11ef-9cf0-b55fdf5bbd8a,https://rera.tn.gov.in/public-view2/building/pfirm/c8a117a0-644d-11ef-b4a9-d3103e869700
https://rera.tn.gov.in/public-view1/building/pindividiual/7fde02c0-823b-11ef-8234-27bf45b50653,https://rera.tn.gov.in/public-view2/building/pindividiual/57a05bb0-84a8-11ef-92cc-7151591e2b2b
https://rera.tn.gov.in/public-view1/building/pindividiual/ff002ba0-6ea1-11ef-b837-d36d1da67a89,https://rera.tn.gov.in/public-view2/building/pindividiual/7f51ec70-6eab-11ef-961f-63e3ad79cb15
https://rera.tn.gov.in/public-view1/building/pfirm/692febd0-4b0a-11ef-93c8-01a431452a49,https://rera.tn.gov.in/public-view2/building/pfirm/5e0666d0-4b1d-11ef-a350-57018372befc
https://rera.tn.gov.in/public-view1/building/pfirm/192102f0-5c60-11ef-92d3-4dd9a90cacb0,https://rera.tn.gov.in/public-view2/building/pfirm/7f508a40-6153-11ef-9fb8-1d7d6bf68e66
https://rera.tn.gov.in/public-view1/building/pfirm/e85b7320-556b-11ef-b324-75c7cadfacad,https://rera.tn.gov.in/public-view2/building/pfirm/37d24290-556e-11ef-ab59-55b1e60625ce
https://rera.tn.gov.in/public-view1/building/pfirm/b198d210-8094-11ef-bfa5-9b3c974cc9a4,https://rera.tn.gov.in/public-view2/building/pfirm/7cabfb70-809b-11ef-aa55-7fba96e6f463
https://rera.tn.gov.in/public-view1/building/pfirm/37d9a280-50bd-11ef-a5fd-03e21df59ae9,https://rera.tn.gov.in/public-view2/building/pfirm/988f43f0-50c2-11ef-a738-3d3be487f714
https://rera.tn.gov.in/public-view1/building/pfirm/ce77e920-7d97-11ef-ad9a-670ce3f5d1c0,https://rera.tn.gov.in/public-view2/building/pfirm/c070b8e0-7da1-11ef-a7d7-ade7e9ef4922
https://rera.tn.gov.in/public-view1/building/pfirm/351b5aa0-8b7b-11ef-b10d-79b39401446a,https://rera.tn.gov.in/public-view2/building/pfirm/7c4ec340-8b99-11ef-83ff-a9e527a232cd
https://rera.tn.gov.in/public-view1/building/pfirm/971ed580-f71a-11ee-a8d7-e9d303b70eb1,https://rera.tn.gov.in/public-view2/building/pfirm/920010e0-7fba-11ef-856c-e7e690e1819f
https://rera.tn.gov.in/public-view1/building/pfirm/5e087d90-a3e1-11ef-a12c-9f8b26769d47,https://rera.tn.gov.in/public-view2/building/pfirm/7a2d24d0-a3e5-11ef-b5b8-5fb33a5aee86
https://rera.tn.gov.in/public-view1/building/pfirm/38dd4700-7fc3-11ef-84ab-0fd1358c082a,https://rera.tn.gov.in/public-view2/building/pfirm/437910d0-862a-11ef-96c2-0f1bd0e54678
https://rera.tn.gov.in/public-view1/building/pfirm/3c7d2360-9106-11ef-9e36-4b5f508e3586,https://rera.tn.gov.in/public-view2/building/pfirm/ec29c590-929b-11ef-9eca-712ef43def5a
https://rera.tn.gov.in/public-view1/building/pfirm/566010c0-7d77-11ef-a607-018b5f3e2824,https://rera.tn.gov.in/public-view2/building/pfirm/e7b93e50-7d87-11ef-a2f7-b3497ade8dfe
https://rera.tn.gov.in/public-view1/building/pfirm/3451bbf0-45b4-11ef-8d5a-4d8f1a24a11c,https://rera.tn.gov.in/public-view2/building/pfirm/b3864bf0-4680-11ef-bf82-b53b3835bd19
https://rera.tn.gov.in/public-view1/building/pfirm/adf4a8a0-74df-11ef-a075-73cc38ed89b8,https://rera.tn.gov.in/public-view2/building/pfirm/be7f1190-7505-11ef-9e7e-d56b87407ecd
https://rera.tn.gov.in/public-view1/building/pfirm/be4f4390-7972-11ef-bcf6-bb7a719da13e,https://rera.tn.gov.in/public-view2/building/pfirm/1f8d47f0-79af-11ef-89f9-5d5f1d4e4869
https://rera.tn.gov.in/public-view1/building/pfirm/7f5b1170-4436-11ef-97c2-61d30c4c0ed4,https://rera.tn.gov.in/public-view2/building/pfirm/1c21d550-4feb-11ef-965a-3dc068b4175d
https://rera.tn.gov.in/public-view1/building/pfirm/0288d890-8c79-11ef-ae67-35603931c858,https://rera.tn.gov.in/public-view2/building/pfirm/b11a9f10-8c83-11ef-ab80-575e91aae599
https://rera.tn.gov.in/public-view1/building/pfirm/3dc34570-6b45-11ef-8402-7ff3170f6dbe,https://rera.tn.gov.in/public-view2/building/pfirm/ca687120-6b51-11ef-927f-098b3e9dd7da
https://rera.tn.gov.in/public-view1/building/pfirm/2d8d8ca0-92b5-11ef-817c-7bbe08b803c6,https://rera.tn.gov.in/public-view2/building/pfirm/915ac290-92be-11ef-b0ae-411d9dc21c8e
https://rera.tn.gov.in/public-view1/building/pindividiual/e34eb940-63af-11ef-9b46-dd75235a444d,https://rera.tn.gov.in/public-view2/building/pindividiual/31769000-63bc-11ef-86bd-1549883c1e1c
https://rera.tn.gov.in/public-view1/building/pindividiual/cab8ab60-771d-11ef-9dd3-1dea555b8d25,https://rera.tn.gov.in/public-view2/building/pindividiual/b8dd4be0-7724-11ef-a248-bbe9480a030c
https://rera.tn.gov.in/public-view1/building/pfirm/0fb2d320-9d9d-11ef-92b5-bb74b2ff1109,https://rera.tn.gov.in/public-view2/building/pfirm/fd89f500-9da2-11ef-94c6-7dabf1718056
https://rera.tn.gov.in/public-view1/building/pfirm/5cdc4a50-9059-11ef-9e01-4b766e08c470,https://rera.tn.gov.in/public-view2/building/pfirm/178ed760-9076-11ef-8216-e1a747a512c9
https://rera.tn.gov.in/public-view1/building/pindividiual/ade81b10-8334-11ef-aa50-550aa6191f82,https://rera.tn.gov.in/public-view2/building/pindividiual/45444aa0-833c-11ef-bca2-4d6f5a5615ca
https://rera.tn.gov.in/public-view1/building/pfirm/b0e64ea0-9075-11ef-a708-a58823966ff4,https://rera.tn.gov.in/public-view2/building/pfirm/c367c900-91f5-11ef-bf53-6359c5d119a3
https://rera.tn.gov.in/public-view1/building/pfirm/8a30ad60-7809-11ef-9c1a-332f1ce021b6,https://rera.tn.gov.in/public-view2/building/pfirm/75d62720-8572-11ef-bb43-678563fa9539
https://rera.tn.gov.in/public-view1/building/pfirm/9e2e7150-92c6-11ef-a960-49c946509b7f,https://rera.tn.gov.in/public-view2/building/pfirm/c9d8e530-92d3-11ef-957e-e1c765c659ce
https://rera.tn.gov.in/public-view1/building/pfirm/2ebb7a40-71bb-11ef-8be5-5348d5ffa1aa,https://rera.tn.gov.in/public-view2/building/pfirm/595793b0-7265-11ef-8e87-953667eb630b
https://rera.tn.gov.in/public-view1/building/pfirm/f635bbd0-951f-11ef-8b15-493923b80ee9,https://rera.tn.gov.in/public-view2/building/pfirm/1e1dc3a0-9527-11ef-85eb-df738174d106
https://rera.tn.gov.in/public-view1/building/pfirm/0cce4910-6f44-11ef-965d-81af2bbb459a,https://rera.tn.gov.in/public-view2/building/pfirm/5b48fb40-6fff-11ef-9d7c-73e9d4fe8158
https://rera.tn.gov.in/public-view1/building/pfirm/ab8ce240-a282-11ef-a57c-c7fc60a4954b,https://rera.tn.gov.in/public-view2/building/pfirm/264d42e0-a28c-11ef-8a73-63737b3967a4
https://rera.tn.gov.in/public-view1/building/pfirm/4210e5a0-a3fe-11ef-a944-fff0c33dc355,https://rera.tn.gov.in/public-view2/building/pfirm/29edcae0-a409-11ef-ae1c-d5ef881a1d3b
https://rera.tn.gov.in/public-view1/building/pfirm/902d3120-a737-11ef-83c6-b9e018289dd8,https://rera.tn.gov.in/public-view2/building/pfirm/6b07cab0-a740-11ef-9dd8-e9c1bf2c76c2
https://rera.tn.gov.in/public-view1/building/pfirm/f138d810-8c4b-11ef-8f39-eb0b62595a35,https://rera.tn.gov.in/public-view2/building/pfirm/d135fcf0-8c57-11ef-b570-8b60238ad4a2
https://rera.tn.gov.in/public-view1/building/pfirm/09c95660-ad79-11ef-9323-6b021706ad9d,https://rera.tn.gov.in/public-view2/building/pfirm/10d9f180-ad81-11ef-baea-d706c836bfc5
https://rera.tn.gov.in/public-view1/building/pfirm/97342040-9ab8-11ef-8416-a5b820628b68,https://rera.tn.gov.in/public-view2/building/pfirm/5f5c1b40-9b92-11ef-ad7b-89f99bd951b3
https://rera.tn.gov.in/public-view1/building/pfirm/2e735410-929a-11ef-9809-1bdbc6138ca4,https://rera.tn.gov.in/public-view2/building/pfirm/d20d8880-92df-11ef-83a5-e942dc1f9ee6
https://rera.tn.gov.in/public-view1/building/pfirm/d0c8d650-766f-11ef-b190-89b3881e54e5,https://rera.tn.gov.in/public-view2/building/pfirm/e4f87200-7672-11ef-9ddb-7b7bdfd5a9eb
https://rera.tn.gov.in/public-view1/building/pfirm/dcbb2330-9c1b-11ef-96a1-c126c86de81c,https://rera.tn.gov.in/public-view2/building/pfirm/159c3380-9c2e-11ef-908f-7562eca44682
https://rera.tn.gov.in/public-view1/building/pindividiual/1ce72f00-a754-11ef-aeb7-7191f70fd6f1,https://rera.tn.gov.in/public-view2/building/pindividiual/13d1d210-aefc-11ef-8266-51978ac34b1c
https://rera.tn.gov.in/public-view1/building/pfirm/0eb69f10-7fcc-11ef-ad0e-6529b5f27722,https://rera.tn.gov.in/public-view2/building/pfirm/5a5a9500-7fd3-11ef-b2fe-b7f0dd23f060
https://rera.tn.gov.in/public-view1/building/pfirm/d0791140-8c6c-11ef-ac47-c9a20030828a,https://rera.tn.gov.in/public-view2/building/pfirm/7030c4a0-8c7a-11ef-92f2-63f592cff278
https://rera.tn.gov.in/public-view1/building/pfirm/64eaf2a0-74b8-11ef-bf25-6db2e05ca2fc,https://rera.tn.gov.in/public-view2/building/pfirm/f97d5e70-77df-11ef-a4bd-6594a7cf2fe5
https://rera.tn.gov.in/public-view1/building/pfirm/b5c7ee00-a691-11ef-806c-c5cc31723d0e,https://rera.tn.gov.in/public-view2/building/pfirm/c39abca0-a87f-11ef-b5a7-cb568f51c0a2
https://rera.tn.gov.in/public-view1/building/pfirm/f5bf6980-b164-11ef-b3f2-fbdc2e0a1b2b,https://rera.tn.gov.in/public-view2/building/pfirm/cd9401d0-b169-11ef-9ea4-759bf69760ad
https://rera.tn.gov.in/public-view1/building/pfirm/5ce93d70-45d1-11ef-9914-933466ab6168,https://rera.tn.gov.in/public-view2/building/pfirm/34d9fcc0-465a-11ef-a4d8-719a9d53428a
https://rera.tn.gov.in/public-view1/building/pfirm/d191fda0-71c2-11ef-88f2-61ed4d0b2a7d,https://rera.tn.gov.in/public-view2/building/pfirm/fd68e6f0-75a3-11ef-baf6-f5702806d5d5
https://rera.tn.gov.in/public-view1/building/pfirm/2e758880-a8b8-11ef-8356-bda1ddab28d8,https://rera.tn.gov.in/public-view2/building/pfirm/8d121cf0-a8c2-11ef-a353-0d42e3577afe
https://rera.tn.gov.in/public-view1/building/pfirm/f61fcb90-5a16-11ef-b40e-37cbbc7665ca,https://rera.tn.gov.in/public-view2/building/pfirm/fc6f29c0-612b-11ef-8678-99824d8db775
https://rera.tn.gov.in/public-view1/building/pfirm/27885a00-b2ed-11ef-af29-1b2434794880,https://rera.tn.gov.in/public-view2/building/pfirm/51d8cd10-b2f2-11ef-a9a7-a76cea8b6cb2
https://rera.tn.gov.in/public-view1/building/pfirm/7f541960-6062-11ef-b3da-db908212f63b,https://rera.tn.gov.in/public-view2/building/pfirm/ba59d440-641d-11ef-9880-015bfe9f7095
https://rera.tn.gov.in/public-view1/building/pfirm/8a0b6e00-8c66-11ef-8e28-8de66ff4de10,https://rera.tn.gov.in/public-view2/building/pfirm/11164590-8c6e-11ef-bd5c-ef7cf57c7307
https://rera.tn.gov.in/public-view1/building/pfirm/81e59ef0-8d13-11ef-88a7-e1aeefea243d,https://rera.tn.gov.in/public-view2/building/pfirm/8d54ad40-8d5f-11ef-bbb7-db6933ed0387
https://rera.tn.gov.in/public-view1/building/pfirm/d9c392a0-6b68-11ef-ace4-4bb16a79010e,https://rera.tn.gov.in/public-view2/building/pfirm/c4a07890-6ccd-11ef-9420-bf50873d8387
https://rera.tn.gov.in/public-view1/building/pindividiual/a2b59220-5e36-11ef-8224-157823420133,https://rera.tn.gov.in/public-view2/building/pindividiual/ca689da0-5e41-11ef-a796-e7e0fbd4928e
https://rera.tn.gov.in/public-view1/building/pfirm/bfb70ca0-433e-11ef-abb8-230fb01e1a21,https://rera.tn.gov.in/public-view2/building/pfirm/a484d860-436b-11ef-aca4-bbb470b3a202
https://rera.tn.gov.in/public-view1/building/pindividiual/f24a42a0-b0cf-11ef-b1ea-6126006b8446,https://rera.tn.gov.in/public-view2/building/pindividiual/810f22d0-b0d6-11ef-9142-0125ddfd5b53
https://rera.tn.gov.in/public-view1/building/pfirm/6206e6c0-b933-11ef-9e8c-b1c10f6ca4d3,https://rera.tn.gov.in/public-view2/building/pfirm/21dcf5e0-b952-11ef-9f31-edea83b7cc75
https://rera.tn.gov.in/public-view1/building/pfirm/08d3c670-9067-11ef-b066-6112486245e1,https://rera.tn.gov.in/public-view2/building/pfirm/edafe2e0-9069-11ef-9a11-0b55e518255f
https://rera.tn.gov.in/public-view1/building/pfirm/5f5a2fe0-b781-11ef-8287-174f8732fcf6,https://rera.tn.gov.in/public-view2/building/pfirm/037f4b20-b793-11ef-a28a-4d34ad51b3ee
https://rera.tn.gov.in/public-view1/building/pfirm/24d26da0-ea7d-11ee-be82-036e4c5f6998,https://rera.tn.gov.in/public-view2/building/pfirm/dafce620-ea87-11ee-891d-558505a0c42e
https://rera.tn.gov.in/public-view1/building/pfirm/ce758290-a8a6-11ef-b9f6-59b1c7270914,https://rera.tn.gov.in/public-view2/building/pfirm/4b16ad20-ae1c-11ef-98cc-7fd57655a007
https://rera.tn.gov.in/public-view1/building/pfirm/e74a70a0-33df-11ef-bfca-27cba1e09d55,https://rera.tn.gov.in/public-view2/building/pfirm/3a11a8a0-3497-11ef-ac11-eb52b5f2e828
https://rera.tn.gov.in/public-view1/building/pfirm/0c4d28c0-6c37-11ef-a91e-99626d423207,https://rera.tn.gov.in/public-view2/building/pfirm/75964630-6f2f-11ef-8213-0102d8560149
https://rera.tn.gov.in/public-view1/building/pfirm/cb54ac00-a252-11ef-8cd4-6f0f8e628027,https://rera.tn.gov.in/public-view2/building/pfirm/bbed7ca0-a345-11ef-bb14-89086fd0da09
https://rera.tn.gov.in/public-view1/building/pfirm/bfecebb0-bd2f-11ef-b414-1796aa4e9c45,https://rera.tn.gov.in/public-view2/building/pfirm/295b7d40-bd3b-11ef-a111-e7f22a0cce6d

