Page ,Link
   1 ,https://www.rera.mp.gov.in/view_project_details.php?id=Yi82aU5vYkpIMVBBTVowMTQ0WUk4dz09&extid=NldBYXRTaFpVLzlIU003VDlMNHd2QT09
   1 ,https://www.rera.mp.gov.in/view_project_details.php?id=TGJNSTJuVmJXQWJYbmVkTGdiQ2VPQT09&extid=OGhBU2psQk8ra3dnY2RJdEZxL2RkUT09
   1 ,https://www.rera.mp.gov.in/view_project_details.php?id=RW9KRVZBRFlOTXVDelNIeTFJN1JtUT09&extid=MExoRWpBUW1KZTk5TzdUL0VTd1lkQT09
   1 ,https://www.rera.mp.gov.in/view_project_details.php?id=WjJ6NFFBNkR0dlFFMTdvelo3L2svQT09&extid=TUxxcnI1c2FJUWNFQnlpYmhFbWpCUT09
   1 ,https://www.rera.mp.gov.in/view_project_details.php?id=c3ptMTlTUW8rL3RaVEo4aUJzdDJwZz09&extid=cTFFRTFxNE5GMm1sczhWdkNoT1ZtQT09
   1 ,https://www.rera.mp.gov.in/view_project_details.php?id=QWRiK0F2Q2cxYW16OGlJeVcwaHF4QT09
   1 ,https://www.rera.mp.gov.in/view_project_details.php?id=dWZxUkgyM2M5RWs3a2VZSUJXZGVZZz09&extid=WHZhMnQyS1ljOUdERUo2TC9FK0Y2QT09
   1 ,https://www.rera.mp.gov.in/view_project_details.php?id=SWRTTzROZHVITEltQlZyWERSMU9PQT09&extid=QnVyNGltQytWNE9tMmlnQ1RHM1NlQT09
   1 ,https://www.rera.mp.gov.in/view_project_details.php?id=dFZSQ3IvdlVZanRLdUxWNmdEam5nQT09&extid=dUh0VWFtSU5BUk1uNUJtWFA5Q3hRUT09
   1 ,https://www.rera.mp.gov.in/view_project_details.php?id=OWtJM2s3dVZEWWliUy8yeGYyclNudz09
   1 ,https://www.rera.mp.gov.in/view_project_details.php?id=ZUwycmVuNFViYk5HS0NPR3hITUxYQT09&extid=NUxFOW5UY2F4LzY2L3V4bC9EYUlEQT09
   1 ,https://www.rera.mp.gov.in/view_project_details.php?id=dUEzL21udklWUjY1eGp0emFlcDZ2UT09&extid=bE9TTUx5SW81bityc0gvbmw4WWorZz09
   1 ,https://www.rera.mp.gov.in/view_project_details.php?id=RTQ4VFZpdjVEa29KTG05Qi9VT1VDdz09
   1 ,https://www.rera.mp.gov.in/view_project_details.php?id=K3FqNHZZWkpKN0o3aEI0ejRSc1dJUT09&extid=cTRkbk5nMUt1V3d6RFQ0dGgxTk1Ddz09
   1 ,https://www.rera.mp.gov.in/view_project_details.php?id=RGNuWXB3ODM5Y0gzdzFxamNheGlwQT09&extid=alV4Y0VrZjE3YmJEV1poYlIxNWEwUT09
   1 ,https://www.rera.mp.gov.in/view_project_details.php?id=WjZPcVlVakdkU1V6d2hqTENYWGwwUT09&extid=cldvdzdmOGd3b2JaWHRJZVpLK2l2QT09
   1 ,https://www.rera.mp.gov.in/view_project_details.php?id=SjRxeFd5N3dQOVB6a3VxbWRwUXlRZz09
   1 ,https://www.rera.mp.gov.in/view_project_details.php?id=ekNvNVo2VDZMaXlkY3VyQWppQ3drQT09
   1 ,https://www.rera.mp.gov.in/view_project_details.php?id=MXp1WGh0QVE5VE1FZzcrdVlhUkQ3dz09
   1 ,https://www.rera.mp.gov.in/view_project_details.php?id=OXhaazlqa1dlVmw4cFJRMGVCdCsxQT09&extid=RWNDU0RjOHIvYkhaL1JpUEZ4NE8rUT09
   1 ,https://www.rera.mp.gov.in/view_project_details.php?id=OHpGNE8zb1ZXa1R0eVVINDhMOTQzdz09&extid=SS9XVXVacUxMN21sLzN6NERERjA5dz09
   1 ,https://www.rera.mp.gov.in/view_project_details.php?id=MFM5SmxkblRMdTRVZWVRZ0p3MFE1Zz09&extid=RHBZNEpOWlJHZkEyajJMZDVBZmJWQT09
   1 ,https://www.rera.mp.gov.in/view_project_details.php?id=V1RaOGVLa3VmUDhWekduNXMxOVdEZz09&extid=aEFEN0tmbVpMd1c0WFJJNG92UWdRQT09
   1 ,https://www.rera.mp.gov.in/view_project_details.php?id=dDlmNW8vQnl2cUU5eXNZTERNWkJJUT09&extid=SlFaSnlKOFB1eDZrWkx1NzF4NkhZZz09
   1 ,https://www.rera.mp.gov.in/view_project_details.php?id=NGpUeGRBeHdIMkdKb0w2eTYxeTVEQT09&extid=dUEzL21udklWUjY1eGp0emFlcDZ2UT09
   1 ,https://www.rera.mp.gov.in/view_project_details.php?id=bktWbngvdHhIVzQyd1BJSkhDVVdldz09
   1 ,https://www.rera.mp.gov.in/view_project_details.php?id=WDhXdXcvbXFMZThpSVo1dDZKajc2UT09&extid=MHBSb2pXU2FsZEFJOFlMbGlGdlpKQT09
   1 ,https://www.rera.mp.gov.in/view_project_details.php?id=UWt3VEhuN1FFUzJQYW85VTRCRzErQT09&extid=SUI3Si80emdRakd4bmdud3IyZ1MyUT09
   1 ,https://www.rera.mp.gov.in/view_project_details.php?id=MUl0VGw2amRKcGdmWnE4RWdyM1dUdz09
   1 ,https://www.rera.mp.gov.in/view_project_details.php?id=ZzJyT3hCczJHOGhtbWt5bzA0Z3Btdz09&extid=WGJzcGVwc2s5ZW5WSmo2WlUwYjFUQT09
   1 ,https://www.rera.mp.gov.in/view_project_details.php?id=ZEx1T1I4bGQ5MVM0NDFFVXpIYjdCZz09
   1 ,https://www.rera.mp.gov.in/view_project_details.php?id=NHdzeVVnK1A3ZGRFSzYveHhqY3ZJUT09&extid=eHo2OG4veDFxUno4ajhoNjhUczFQdz09
   1 ,https://www.rera.mp.gov.in/view_project_details.php?id=b3cyTlhGbzVlaEpaRlMrTzRUcnp1QT09
   1 ,https://www.rera.mp.gov.in/view_project_details.php?id=VGFlRktIRXBxejlhYm9CNmRCYkEzZz09&extid=VUxsQzBDWXlmRHJGdVVLdEZRRG1qZz09
   1 ,https://www.rera.mp.gov.in/view_project_details.php?id=bWI3ZkNFQ0J1SFAzQ0lNcEl6Ukgwdz09&extid=U0VjOCtaazFHeGhRQVlseFRub3g0dz09
   1 ,https://www.rera.mp.gov.in/view_project_details.php?id=VlFyVnhkRDAvRUxxYVU2d3JKdGh0dz09
   1 ,https://www.rera.mp.gov.in/view_project_details.php?id=Qk9WZTdqMVNoQ1Q5cWVJWjVHaFF2dz09&extid=K0NXQmlNdGlNUGVWQVJsdjBSdTJoZz09
   1 ,https://www.rera.mp.gov.in/view_project_details.php?id=WlBtRkZ5aXdXYlcrMUtiWEtuQnJXUT09&extid=OEpybVJycUdJMVNtTmhjKzc5WVVRUT09
   1 ,https://www.rera.mp.gov.in/view_project_details.php?id=bDZZNzM1MmNBeS9mYjh6VXNWMzRPdz09&extid=aXVVb2JGSXA5S0tvcU9xOGtwMXRVUT09
   1 ,https://www.rera.mp.gov.in/view_project_details.php?id=cC9ZeTluQnVQZUczZ3ROQXZaVGpGdz09&extid=V2VLMnBpVFc3UmtJTW05QW1DQjBFUT09
   1 ,https://www.rera.mp.gov.in/view_project_details.php?id=M2ZUTGZWRFNnTGdPcFFYaTBCeUJ5Zz09
   1 ,https://www.rera.mp.gov.in/view_project_details.php?id=ZVFnVWVKSy9nM3c3VWUwMnhXRENCZz09&extid=MHpNcmVLVXlCcDNVekR1cmU4NUs4QT09
   1 ,https://www.rera.mp.gov.in/view_project_details.php?id=VHpmUXY2Z0JnZjVteUd6b3ppOHl0UT09&extid=S2RkWFBwU3hBcWI1NEx6MGxsNFBCQT09
   1 ,https://www.rera.mp.gov.in/view_project_details.php?id=NldBYXRTaFpVLzlIU003VDlMNHd2QT09
   1 ,https://www.rera.mp.gov.in/view_project_details.php?id=ZlVDM0RzQVpRenZFZUxFWUVuRUN1UT09&extid=NXlSKzFONVlMYnZUclByTk0vaTV3Zz09
   1 ,https://www.rera.mp.gov.in/view_project_details.php?id=QTZ6c2pQeWtiM2RLV21CRjVFdzFZdz09
   1 ,https://www.rera.mp.gov.in/view_project_details.php?id=dDl4cDZGRHRUSksxc0JPVFE4OTZ1Zz09&extid=S0VxeGVZSm9tWjFCMEdGMHJlVXhaUT09
   1 ,https://www.rera.mp.gov.in/view_project_details.php?id=QXBrbDhiYnllS21xVzZwQVFGSlpJQT09&extid=Wlk0WlhBU2szZUZkK1g1M0JIUlNiQT09
   1 ,https://www.rera.mp.gov.in/view_project_details.php?id=dTBSSGpObTlIWTRDSk9kL2hzWThIZz09
   1 ,https://www.rera.mp.gov.in/view_project_details.php?id=VDdtVm1GeHZOblFsaXRRVXQwWTBlQT09&extid=ejF2QkwvYnllaFd1c3hkUzhNdG84Zz09
   1 ,https://www.rera.mp.gov.in/view_project_details.php?id=d0M4bWpQeFI2cXlEWFVqenUxUWdFUT09&extid=V2NsaUQweFVlOFhqcU1kdHI0bVd5Zz09
   1 ,https://www.rera.mp.gov.in/view_project_details.php?id=NUlrZTM3RFBaUlBwMnNQVU12M0NRdz09&extid=RDdOY094UkUxS0hJQzk2b2tMNjVxdz09
   1 ,https://www.rera.mp.gov.in/view_project_details.php?id=YXQ2K2Q5dEZvSWIxbUlybmVXc3MrUT09
   1 ,https://www.rera.mp.gov.in/view_project_details.php?id=UUhhdWxqTVh6WWZLbU9zS05XZWI3QT09&extid=WDVzZUIreEJ6MS9pT3ZMeVNBajdoZz09
   1 ,https://www.rera.mp.gov.in/view_project_details.php?id=WExTdTkxZUluOUxIc24ySVdlSEgrUT09&extid=R29zTXhOeXZDaUMzWkp6MXVLa3hSZz09
   1 ,https://www.rera.mp.gov.in/view_project_details.php?id=V0Y1WjdFSVRyY3FTaklyOEJlN1lvUT09
   1 ,https://www.rera.mp.gov.in/view_project_details.php?id=cTRGV3dmY3BKOHo1YitweTI3RGUyZz09&extid=ZEo0cHlLWTBsK1RhTVBmVGVEbjJxQT09
   1 ,https://www.rera.mp.gov.in/view_project_details.php?id=dUlFcHVQNFo3N3RoVnhpNDBKWUlhZz09&extid=ZWJhL0l4ZkM4UXh4elJCSURHU2FhQT09
   1 ,https://www.rera.mp.gov.in/view_project_details.php?id=RFVYcTlLU2tDUzJGU1RNQWFXeGFyUT09&extid=RnNIWEsyK3kwY3IzYzU2a1dtRzJJZz09
   1 ,https://www.rera.mp.gov.in/view_project_details.php?id=aUFEMXZkVjQ0WHFqaDVQdFpxQVJnQT09
   1 ,https://www.rera.mp.gov.in/view_project_details.php?id=VXduaFAzU1hxL0V0QXhYdDQrMU9Rdz09&extid=TzZ1TXY3MXViR3g2Qlh0UHZ2SXFldz09
   1 ,https://www.rera.mp.gov.in/view_project_details.php?id=YUxyV1RWblV2ZWdBYjRxcFJzWHRRZz09&extid=MUhVVWdrZGJGd1Z1U09FWmpFUHdJdz09
   1 ,https://www.rera.mp.gov.in/view_project_details.php?id=SjZ6MzF5cXFWQ3hUWi9CSC9CNjRMdz09&extid=dTNGWEJvMlFMY21pckoxNytDcG5OQT09
   1 ,https://www.rera.mp.gov.in/view_project_details.php?id=TVRhdG5aVHhpUDduS09hZUowZ2Qrdz09&extid=RndrRjB0aWwrZGF4RVJwQmtobnIwZz09
   1 ,https://www.rera.mp.gov.in/view_project_details.php?id=akdqWkNjUGdjTVQvbmxuU20wOU54QT09&extid=M1puUEoxYVlYaUlsY0ZaRzU3V2Y2UT09
   1 ,https://www.rera.mp.gov.in/view_project_details.php?id=eFZwWE1sOWIwRmVVcC9LcnVWeXh3Zz09
   1 ,https://www.rera.mp.gov.in/view_project_details.php?id=TEhzdTBGT0JkTHI2eXZYY2d2d2x3dz09&extid=aHNHYkZYVTNPMlR4TVNEMGxTRW1nUT09
   1 ,https://www.rera.mp.gov.in/view_project_details.php?id=amR5bldwWmo2ZEtWdWFqZUM3SDJkdz09&extid=dFd4RFkxMS8vaTlyeEg5cE1CRVV0UT09
   1 ,https://www.rera.mp.gov.in/view_project_details.php?id=cFpYSXlvTWlDVWc0RmhPMXFNd1I2UT09
   1 ,https://www.rera.mp.gov.in/view_project_details.php?id=UmhBUmhweHFFNU5PblV3Vm16bEhFZz09&extid=RlNvbEdQSllIL3U4WlBrRk8ySDhQQT09
   1 ,https://www.rera.mp.gov.in/view_project_details.php?id=SmhLMzMyZ3dycVNSOFo0RXplUW1jQT09
   1 ,https://www.rera.mp.gov.in/view_project_details.php?id=RUtrT3JwQkRjeGFOMDh5QVhZNEEwUT09&extid=OWpnclVWVHBPcVBZU3NVdmJ2d3hMdz09
   1 ,https://www.rera.mp.gov.in/view_project_details.php?id=UkwrQVl4dDg3R0VQcmQydUxLOGl5Zz09
   1 ,https://www.rera.mp.gov.in/view_project_details.php?id=R0UwMzJHbXpuelliY2RwOTRqMkRDZz09
   1 ,https://www.rera.mp.gov.in/view_project_details.php?id=UEM1eFJxSU9rY2M1MDRHcUtJbndpUT09
   1 ,https://www.rera.mp.gov.in/view_project_details.php?id=UDZvSkNsd1AvcnNhbGpBSGEzNkpIZz09
   1 ,https://www.rera.mp.gov.in/view_project_details.php?id=N1JWZWZuVFp0WGNmQng2WmZtcS9Sdz09&extid=OXlrRjNXY3FOQ1R5bDQ1bHR4R2gxdz09
   1 ,https://www.rera.mp.gov.in/view_project_details.php?id=RHBZNEpOWlJHZkEyajJMZDVBZmJWQT09
   1 ,https://www.rera.mp.gov.in/view_project_details.php?id=cHFaSUpJbzIxdittekcrT0JEc055Zz09
   1 ,https://www.rera.mp.gov.in/view_project_details.php?id=RkttVWhDcFQxcFFzcHpLUm9rWmtuUT09
   1 ,https://www.rera.mp.gov.in/view_project_details.php?id=Y2JKOThSaHdxUkg5RzZrVVAycHhSUT09&extid=T0JsVU1uYStqVzljLzJOdTgrTVUwQT09
   1 ,https://www.rera.mp.gov.in/view_project_details.php?id=OUFxR0YvWkVkREMySGd2Vm8vaDhJZz09&extid=ZDBMVUVWTWtPYmV4TDF0OU1QSFk4UT09
   1 ,https://www.rera.mp.gov.in/view_project_details.php?id=VmxnWWdZK29abkFvcjEwdEgvSDE0Zz09
   1 ,https://www.rera.mp.gov.in/view_project_details.php?id=OWVpYlRDaHcxU1R2YkdZNkUwYTdZUT09
   1 ,https://www.rera.mp.gov.in/view_project_details.php?id=WmtZTS85dmlhak5aL1hFU0s0bU9Jdz09
   1 ,https://www.rera.mp.gov.in/view_project_details.php?id=REI0Vm9JWHd3Skd6T2hDSVhJY0pIdz09&extid=UnFNSkliVDJJdHhDdFEvejNJUVlnQT09
   1 ,https://www.rera.mp.gov.in/view_project_details.php?id=SWFEMVk1aXVheEo3d3NvWCtEeFNCQT09&extid=MlBBN0VzQ3FWNjJud1JFM0JXMW1JQT09
   1 ,https://www.rera.mp.gov.in/view_project_details.php?id=NGo0Qmh4UjBSS0xkV3FPTEt6MW1WUT09&extid=NUhiRUNaOFlwdmg1TFhBTHN4ak0xUT09
   1 ,https://www.rera.mp.gov.in/view_project_details.php?id=Q09JbUh2Z1lKbkgxK2Q0ZWY3QXJ4dz09&extid=U3lzeXhLaG02TmJLdWFvb2dPRUpOUT09
   1 ,https://www.rera.mp.gov.in/view_project_details.php?id=SWJ0Yy83SXlEYmtTODNjR3laQnBNdz09
   1 ,https://www.rera.mp.gov.in/view_project_details.php?id=c1c1akpieDhDYVRFazlEcEtRZitZZz09&extid=Kzc3NWh3VlE0ejQ2SFVUczd5cjZFdz09
   1 ,https://www.rera.mp.gov.in/view_project_details.php?id=SURUUFZySFZDSThrZy81RlFlWGFhZz09
   1 ,https://www.rera.mp.gov.in/view_project_details.php?id=SyttRHpzMDcwWkVQQ2M5RnQ1Wm9qZz09
   1 ,https://www.rera.mp.gov.in/view_project_details.php?id=cmVXNGs0c3JBNXg3cERibW9wYk5SUT09
   1 ,https://www.rera.mp.gov.in/view_project_details.php?id=MEpUSE5jQUtIUHRwTXhOZUZWakxQZz09&extid=c1c1akpieDhDYVRFazlEcEtRZitZZz09
   1 ,https://www.rera.mp.gov.in/view_project_details.php?id=OFl6aFlBWHE1bG1FZk84QWc0TFI2QT09&extid=Smo3YmUrRy9qRjVGcTJiV3VBREROdz09
   1 ,https://www.rera.mp.gov.in/view_project_details.php?id=Rkt2K3lscHorczRGY3ozNUxnaFJVdz09&extid=WEFCUFRKTVNOWUYvbGhGRklHWndGUT09
   1 ,https://www.rera.mp.gov.in/view_project_details.php?id=YkswcDQxSUhJWVozMUtaTmo3cXUxZz09&extid=UlRuZWptbnNGTjBwdzZnQ2xieW1YQT09
   1 ,https://www.rera.mp.gov.in/view_project_details.php?id=bmJNdkZudkd5eG9QTjdiNTR3MWxmQT09
   1 ,https://www.rera.mp.gov.in/view_project_details.php?id=WUVRRWd4MVErend6bjBWK05CZ0Fkdz09
   2 ,https://www.rera.mp.gov.in/view_project_details.php?id=N3VydlZBMjRkTDJyd0s5bU96MTQzQT09
   2 ,https://www.rera.mp.gov.in/view_project_details.php?id=QXBiZFBDSWJtcncxNWVpdStnN0RsQT09
   2 ,https://www.rera.mp.gov.in/view_project_details.php?id=Y0VIM2xkV1UwdDhPZi8rNWlCb2J6QT09&extid=WnFnYzFMdEtzajRjZCtKbnVtZGVrZz09
   2 ,https://www.rera.mp.gov.in/view_project_details.php?id=M2RqT0w5bGxhMkZoaEZKSUhoUWsxdz09
   2 ,https://www.rera.mp.gov.in/view_project_details.php?id=MXBrU2dJZE9LWWNRWVdWTDF3YkI5Zz09&extid=VDdtVm1GeHZOblFsaXRRVXQwWTBlQT09
   2 ,https://www.rera.mp.gov.in/view_project_details.php?id=bUlZbGMwdHFiZnBERnVBaWgxbzd1dz09&extid=VVN6TmFERG81cW54ZlBxcXN3dy9NZz09
   2 ,https://www.rera.mp.gov.in/view_project_details.php?id=K0RaVnBuWU5ldndRcVNwYjdrM2Z5dz09
   2 ,https://www.rera.mp.gov.in/view_project_details.php?id=T24zS1RhMzBib1FFRHJJUFE3Q1FFQT09&extid=UHIzb3FESndwcFMzR1BwS3ZreksvQT09
   2 ,https://www.rera.mp.gov.in/view_project_details.php?id=Uzd6aVpVcEp4KzNkUUVwazZuRmN5QT09
   2 ,https://www.rera.mp.gov.in/view_project_details.php?id=SlJ3Tm5mMm4yTk5JOGRGWGpJc1IrQT09&extid=Q1FQTERZT1VUYjc0aG1KRWVETDhUZz09
   2 ,https://www.rera.mp.gov.in/view_project_details.php?id=YXVxeW1QQVlmSzgvQzlqNUdVRlc5dz09&extid=dFZSQ3IvdlVZanRLdUxWNmdEam5nQT09
   2 ,https://www.rera.mp.gov.in/view_project_details.php?id=cVcvYWZpYmNHemtlaWFVd0diZ0lydz09&extid=OFh6bHZtNkZrUUpHV1lXZ1ZXaGdpQT09
   2 ,https://www.rera.mp.gov.in/view_project_details.php?id=LzNHOFBGb1UrSEJkZXYzdG9wVTZyUT09&extid=NDJweWtvYjI1TWpkS1JOa21iVzRPdz09
   2 ,https://www.rera.mp.gov.in/view_project_details.php?id=bWFDMi8rYStXOTRoNTJTaGVPZG1Wdz09&extid=Ym04cVh1eFBqWXpteHVRUS9MK3MzUT09
   2 ,https://www.rera.mp.gov.in/view_project_details.php?id=VFkvMFI1WUY5Nm1lQS8ycmQyaWdOQT09&extid=YWkyMXp1T1JacWZFakNKczhYaGNPUT09
   2 ,https://www.rera.mp.gov.in/view_project_details.php?id=cEErWlRzZFUyWmY1RVNzVG5nTkhSQT09&extid=d0xkWk5CK2piaGpGTHhFWFpHZG9Ydz09
   2 ,https://www.rera.mp.gov.in/view_project_details.php?id=aS9UeUdERFgwLzJ0L0J2QWFBYldBZz09
   2 ,https://www.rera.mp.gov.in/view_project_details.php?id=UDNxQlY3RTVJZjBCZ21BUVhlVXNOUT09&extid=WWpMU256ZkgzdUlYbmtUSDF2V0NWUT09
   2 ,https://www.rera.mp.gov.in/view_project_details.php?id=SFptNEpYbnpHZGZ0eHAvbkhyQTg0dz09&extid=NzRxZHNDa0VxZGVqdWw0bXVWY1hFdz09
   2 ,https://www.rera.mp.gov.in/view_project_details.php?id=QUtCcjA3a0x4SzlBWnQ5OE9mNDl0Zz09&extid=MGlCdnRXOUxYelp3dXI2WVFEbzFJZz09
   2 ,https://www.rera.mp.gov.in/view_project_details.php?id=WGNWSHE0bWxuN3k1bHRZRGFkKy93QT09
   2 ,https://www.rera.mp.gov.in/view_project_details.php?id=Q2hJbkR6MUZ5N2lVd085QkZyakluUT09&extid=ZG90THRsRGFGbnByVm9vT2FZaDUvQT09
   2 ,https://www.rera.mp.gov.in/view_project_details.php?id=TWNYMWdscDhEd1l4aXVMa1BWMDRhdz09
   2 ,https://www.rera.mp.gov.in/view_project_details.php?id=clJLK1RvVUQvMUJFWG5wNlAxamIvdz09&extid=UWdaNDdBMWVPNnJuQ2VVbkovK3hzdz09
   2 ,https://www.rera.mp.gov.in/view_project_details.php?id=aktpdkJkZFMxaStTMmtoVFUveDZQUT09&extid=bFl3Vm43Q0xidW8vZDU3eGFaOXlxQT09
   2 ,https://www.rera.mp.gov.in/view_project_details.php?id=R3FBL2Y0eit0cFpEUVoyREliSlRTUT09
   2 ,https://www.rera.mp.gov.in/view_project_details.php?id=S0ZIUy9NSUlrZkNaMnlYYmtuaXhIUT09
   2 ,https://www.rera.mp.gov.in/view_project_details.php?id=NUlQLzZuMWVYcVhQQXJKQU9CU21xQT09&extid=NFhYdFRyRjJQNUkzN2Fad3AvRWJWUT09
   2 ,https://www.rera.mp.gov.in/view_project_details.php?id=VHNlM2tTa2d3TDBPR3A2eElIOVo5Zz09&extid=SEJGcGN2RFErVjRkWGNDRkNVeU8vdz09
   2 ,https://www.rera.mp.gov.in/view_project_details.php?id=THlwNk9mYzlDSmt6Z2dEdXdmaTE0UT09
   2 ,https://www.rera.mp.gov.in/view_project_details.php?id=SjNzSTYxaGlGN3ZNMEppNk81WWlxUT09
   2 ,https://www.rera.mp.gov.in/view_project_details.php?id=ckxaOEtEL1RKb2hjT3FpT1RxK1dIdz09
   2 ,https://www.rera.mp.gov.in/view_project_details.php?id=R1FXc3h5MUYxdGZGaWdUNjVWMEVVUT09
   2 ,https://www.rera.mp.gov.in/view_project_details.php?id=ZWh5NUNENGduLys1blM4T2ZmMFIvUT09&extid=OWd1ZVNXSWFKRnowOEs1WFpaVjJrdz09
   2 ,https://www.rera.mp.gov.in/view_project_details.php?id=U3lzeXhLaG02TmJLdWFvb2dPRUpOUT09
   2 ,https://www.rera.mp.gov.in/view_project_details.php?id=OFVML2VyWEN3QUNQMXJwVXBFT0crQT09&extid=cWNZSlpVWjE5eFExS3d5RmNiWnQvZz09
   2 ,https://www.rera.mp.gov.in/view_project_details.php?id=TUZobyt5QjI3ZnJqNmhPWjVRZ2o4dz09&extid=U3p6dWNFdmkyUmVCVXFHbytyR2tRdz09
   2 ,https://www.rera.mp.gov.in/view_project_details.php?id=UWhHM0dxNDZDZm1oeGZNckRReno3UT09&extid=S0ZIUy9NSUlrZkNaMnlYYmtuaXhIUT09
   2 ,https://www.rera.mp.gov.in/view_project_details.php?id=SlBOVlpxM1N2bC9IblhEVGNRUUVtZz09&extid=K2E4OTF2M1IzajRWN3lvcWR0dXArZz09
   2 ,https://www.rera.mp.gov.in/view_project_details.php?id=TWJMeG9Bc1dpUHFIcG4xdTFMSjFOdz09&extid=UEdRMS9ZQkdJNXlRRWxhNFhsOGVkdz09
   2 ,https://www.rera.mp.gov.in/view_project_details.php?id=RFpPbVA0WEh2QTNLNHQwQm9UZ1lSUT09
   2 ,https://www.rera.mp.gov.in/view_project_details.php?id=NDJweWtvYjI1TWpkS1JOa21iVzRPdz09&extid=RldkZ3liK3Z1c0FZZElMVVVGUEdyQT09
   2 ,https://www.rera.mp.gov.in/view_project_details.php?id=eUF5cERGcDJQamh0VUhxd2QvRktHUT09&extid=elJZLzlrckN2ckEwd2FndWlMbHhsUT09
   2 ,https://www.rera.mp.gov.in/view_project_details.php?id=UGRkWHZ6Nk5mRUQ5R2V3Z3NJOHB5dz09&extid=amxNeTVTdVI0eVYwZjdKRjNTSlN4UT09
   2 ,https://www.rera.mp.gov.in/view_project_details.php?id=dXNvdXo1S2NSSFlqNGNvbC85SFBsZz09&extid=dDlmNW8vQnl2cUU5eXNZTERNWkJJUT09
   2 ,https://www.rera.mp.gov.in/view_project_details.php?id=bDlPNTExNGpiYU5yZUJZcmVUeUZBZz09&extid=OGdjUTQrdVNjdFBpU0h0akorY1IyZz09
   2 ,https://www.rera.mp.gov.in/view_project_details.php?id=OFZSeGdQWjVsWmdJVm5mcStBS2xpdz09&extid=WGFOdDUyK0FrZjZjakJwdFQvR2ZuZz09
   2 ,https://www.rera.mp.gov.in/view_project_details.php?id=Q2dlOHpZUUlDRDRNMi9tWkdZSWQrQT09
   2 ,https://www.rera.mp.gov.in/view_project_details.php?id=ZkxFdnJRRTNNb2lEckV4WEg2eU00dz09&extid=YUI3cTduNFgyZWZLWUJpRGM0bjdhdz09
   2 ,https://www.rera.mp.gov.in/view_project_details.php?id=cTRPLzQ0bG1ZN3I3ZWpUYnFXM2prUT09
   2 ,https://www.rera.mp.gov.in/view_project_details.php?id=a1E1RkFJSmc5aDVYemd3Ym1WcEVyQT09
   2 ,https://www.rera.mp.gov.in/view_project_details.php?id=WWpMU256ZkgzdUlYbmtUSDF2V0NWUT09
   2 ,https://www.rera.mp.gov.in/view_project_details.php?id=MWVyRU1wTkI0RXN6OUZxbXNQUEZjQT09
   2 ,https://www.rera.mp.gov.in/view_project_details.php?id=NUFWcUdFQ3VyaGpXckVDUXFjdGtKQT09&extid=Z3B5WFRad1UrM3ptNzQvVlZyUC9xZz09
   2 ,https://www.rera.mp.gov.in/view_project_details.php?id=L2hyS28yYS9rZm1iOVFzcEpIT1l3QT09
   2 ,https://www.rera.mp.gov.in/view_project_details.php?id=WUZ4WGwyRCtOWTR0N1J0S0g3QjFpUT09&extid=dDNJc0ZXcFQySjJINnZQeklZRVNyUT09
   2 ,https://www.rera.mp.gov.in/view_project_details.php?id=UnpMb3ZrNDl1THlkQVBHaVg4dWFLQT09&extid=MTZONVZETkRuMGhxOTZyOUhUMFVXZz09
   2 ,https://www.rera.mp.gov.in/view_project_details.php?id=UTl0ME5FVjRJdGVQUjBDRzhZRFRZZz09
   2 ,https://www.rera.mp.gov.in/view_project_details.php?id=U0VjOCtaazFHeGhRQVlseFRub3g0dz09&extid=S1FXSTdmdnlNZ29MNm9EdHB6dlRUZz09
   2 ,https://www.rera.mp.gov.in/view_project_details.php?id=Nk5NeG5GaHRVNjAranV1cTNiYUV1Zz09&extid=U1Z0L1FzZ1BlbHgzdnBTN0VCeHhmdz09
   2 ,https://www.rera.mp.gov.in/view_project_details.php?id=VDZ6Y3VTZ0xPWUZXQzlrYVRTaDVvQT09&extid=bUZYTksyVXR0NzhvaVF5T0xMV1VlQT09
   2 ,https://www.rera.mp.gov.in/view_project_details.php?id=T1YzTXk0YW5OcVVlSC9neVpLbitIdz09&extid=b3cyTlhGbzVlaEpaRlMrTzRUcnp1QT09
   2 ,https://www.rera.mp.gov.in/view_project_details.php?id=ODk5YTArRzFFSzdIdEc1Y1lDaHNaZz09&extid=TEZJV0JoakJIT0dXMmsxMTQ3cndsUT09
   2 ,https://www.rera.mp.gov.in/view_project_details.php?id=b3ZQcE91bGF2MUludFdZMm1neGR2dz09
   2 ,https://www.rera.mp.gov.in/view_project_details.php?id=aDRkTFZXMFdMdExQbGt6YzRmZjlPQT09&extid=dU5ENjZrSndGd0V0aVEyakg3SWNmZz09
   2 ,https://www.rera.mp.gov.in/view_project_details.php?id=MHNwaUwzcSs4N0FiZnhUUUVTQ3ZqQT09
   2 ,https://www.rera.mp.gov.in/view_project_details.php?id=aWNKWElqR2VDaXBJOEFtRUtndkQwdz09&extid=WlZhOXVtVVpaOHo1elZpdU9naTlWdz09
   2 ,https://www.rera.mp.gov.in/view_project_details.php?id=KzZGcjdoUFozYWo5ZS93RFZmbk1zZz09&extid=a01ycTlITXVCY3BoS3NYN2NiRko0QT09
   2 ,https://www.rera.mp.gov.in/view_project_details.php?id=a2dVL0VCOGlvR1Z1WUMrU1RaRjZuUT09&extid=WDE4Y0ZKUm8yczBPaHlMWTQyN1k1QT09
   2 ,https://www.rera.mp.gov.in/view_project_details.php?id=bFpkamxLYTNkWTZyOXlML0dMSit2Zz09
   2 ,https://www.rera.mp.gov.in/view_project_details.php?id=THN0T25Sbkg1U3V5Z3hISzNQSkJaZz09
   2 ,https://www.rera.mp.gov.in/view_project_details.php?id=ZFQrbGV0c0UyUDdCZ2NuOEhWV1hTdz09&extid=N3VydlZBMjRkTDJyd0s5bU96MTQzQT09
   2 ,https://www.rera.mp.gov.in/view_project_details.php?id=Y0JWNG5RU1pYM2tRcU1OUmY1VGVSQT09
   2 ,https://www.rera.mp.gov.in/view_project_details.php?id=Q3FrUHl0VEVvTlVLNlp0TjlYUmdFQT09&extid=WVNkRW9YdThuT0ZNMDVsSmxyZGd3Zz09
   2 ,https://www.rera.mp.gov.in/view_project_details.php?id=RUhKenJsYjlQaHI2NEg5SitMekczUT09
   2 ,https://www.rera.mp.gov.in/view_project_details.php?id=WGZmZ2JsTWlhL09yeDVsclIwZmVJUT09&extid=VTV6cEs5S3orcXh6aEZ1V2ZZUFZNUT09
   2 ,https://www.rera.mp.gov.in/view_project_details.php?id=M2E3QmxlUWo4NFM5RTI3RXpJTzRXZz09
   2 ,https://www.rera.mp.gov.in/view_project_details.php?id=OHBIa2dPbVI3UFZLQTJCV2YvdHNvZz09&extid=eXpxUHlsZyttUmlwZ3ptbHp0SnhjZz09
   2 ,https://www.rera.mp.gov.in/view_project_details.php?id=ZDYrbUtUTExnUjdYSTl3enlOWUs0Zz09
   2 ,https://www.rera.mp.gov.in/view_project_details.php?id=YWhucEp5RUJtS3dsV1h0TUdMMC9tQT09&extid=eUpQR25aa0FZR2wxRlFlMThoQWRLQT09
   2 ,https://www.rera.mp.gov.in/view_project_details.php?id=cTNraTNOUDVGZm5KVjRvcHBkbkswUT09
   2 ,https://www.rera.mp.gov.in/view_project_details.php?id=ZmZKT2RtWHNxYmhMdDVaWmtzclVHdz09&extid=MXp1WGh0QVE5VE1FZzcrdVlhUkQ3dz09
   2 ,https://www.rera.mp.gov.in/view_project_details.php?id=SXllbnR2N0QyMUQzTDBML1Rudk1TZz09&extid=dnFTbXlLZW5LQ2I4M1pVREdhTDRZUT09
   2 ,https://www.rera.mp.gov.in/view_project_details.php?id=WWhhbHVwc1RZNEVob0NNQ1VwRXlJdz09
   2 ,https://www.rera.mp.gov.in/view_project_details.php?id=WUdWYlBYaUNBQ280aFdkdFVNdmRpZz09&extid=RTB1WFozMUMwU1BUYmRaZUNSS2JyUT09
   2 ,https://www.rera.mp.gov.in/view_project_details.php?id=UTZmaWw0VEpOYXE2akVnNG9VNmJyUT09
   2 ,https://www.rera.mp.gov.in/view_project_details.php?id=ZnRKSWhWMUJJSjE3MW9hc3RQY011UT09&extid=VS9vNVhLN2VKYUVMS1g3MHpBa0ZNdz09
   2 ,https://www.rera.mp.gov.in/view_project_details.php?id=UmV3RjBNTXFaYkdDbEhnVndzRTZVUT09&extid=QVBNN0IrdDVhVnc4ait5NUR1d2ZZdz09
   2 ,https://www.rera.mp.gov.in/view_project_details.php?id=dkJZOEhyWmhKbG5JZXpZS3Y4MTZMZz09
   2 ,https://www.rera.mp.gov.in/view_project_details.php?id=a3QxSVZrVXU3OXh0T0NEOURiSy9YQT09
   2 ,https://www.rera.mp.gov.in/view_project_details.php?id=SEtpQVhkbTNnZXphei81eU12NUdjdz09&extid=S2ZCQnJmck5GN0w4OUdMSEhsRkhxdz09
   2 ,https://www.rera.mp.gov.in/view_project_details.php?id=K2E4OTF2M1IzajRWN3lvcWR0dXArZz09
   2 ,https://www.rera.mp.gov.in/view_project_details.php?id=TFBNVDM0cm84bnZsSmthdFZ5cVJTZz09&extid=TVowdlh4RGs1YVlEZEtuY1hPcU5FUT09
   2 ,https://www.rera.mp.gov.in/view_project_details.php?id=dHpBM2dMU2pMNDRKZ3IrelJ4ZlZydz09
   2 ,https://www.rera.mp.gov.in/view_project_details.php?id=MXNQL3pJTWhXTzBZMXhBQmlEWmVHUT09
   2 ,https://www.rera.mp.gov.in/view_project_details.php?id=aEFEN0tmbVpMd1c0WFJJNG92UWdRQT09&extid=WjhlbGdjRGxHMW45a3hId3NyNkNBdz09
   2 ,https://www.rera.mp.gov.in/view_project_details.php?id=Y0NReURxcitaUFc4d1kxYktkVHE5dz09
   2 ,https://www.rera.mp.gov.in/view_project_details.php?id=S3p4TFRkWU1LMk9zUnJWcjFJVE8rQT09
   2 ,https://www.rera.mp.gov.in/view_project_details.php?id=SlByNS9WY1BaT01DTlhaRFV2MStFUT09&extid=Mkh3QzRwSDZXdmp5VnpENDFtRDR2Zz09
   2 ,https://www.rera.mp.gov.in/view_project_details.php?id=anJzUzdoK25jdVFibDRzeVZQeGRCZz09
   3 ,https://www.rera.mp.gov.in/view_project_details.php?id=YTh5N1BxMmkxa2FMa05wZGJJek93Zz09&extid=bG1zZHV3a3lWQ3M4MmFyYXJ2MG1LUT09
   3 ,https://www.rera.mp.gov.in/view_project_details.php?id=S1FXSTdmdnlNZ29MNm9EdHB6dlRUZz09
   3 ,https://www.rera.mp.gov.in/view_project_details.php?id=R2RwRDg0dEt3dUVXbzBVOFNGREpTQT09&extid=VTN1MTZtZjV4VlZuMTdTOWs1aFpGUT09
   3 ,https://www.rera.mp.gov.in/view_project_details.php?id=UFM1dlo2c2JzWThVV1VUOXZ5Y0pPdz09&extid=dTFORlRSNHM3OHNsQUE1bko2ZUVUZz09
   3 ,https://www.rera.mp.gov.in/view_project_details.php?id=QVAwRWEvRmVHSW1HVTBKdTB0STVWZz09&extid=VWdPQ2p6d25jdE91bTNQL0pxamhxdz09
   3 ,https://www.rera.mp.gov.in/view_project_details.php?id=bXdvWkJUeFR6bEZFU0c2WEtITnlQQT09&extid=WG1aeFJLbEQ1VVBBZHdKaDBkanVVZz09
   3 ,https://www.rera.mp.gov.in/view_project_details.php?id=ajFMZC9ITGtXZ0pMN3VwZ20rVlZFZz09&extid=dWZxUkgyM2M5RWs3a2VZSUJXZGVZZz09
   3 ,https://www.rera.mp.gov.in/view_project_details.php?id=eDd0Vk00WHZTK3pIaXRNdUhjdm1uUT09
   3 ,https://www.rera.mp.gov.in/view_project_details.php?id=VXBDU1NQSnEzU3hGN0dKSDlqRTY4dz09
   3 ,https://www.rera.mp.gov.in/view_project_details.php?id=US9mNDd1NHJzWk9oQkRYL1hST1I5dz09&extid=WTcyTkQ5QzgyM1FocHNjSC9WRFpwdz09
   3 ,https://www.rera.mp.gov.in/view_project_details.php?id=b20vdDNPSXowQkh4em9wWHNPRDZMZz09
   3 ,https://www.rera.mp.gov.in/view_project_details.php?id=bjFobmFBWVBMK2RLN3lJeFdpYm16Zz09&extid=QTFxQ2s3d0NhYmxvMFRJNHBRRnNpQT09
   3 ,https://www.rera.mp.gov.in/view_project_details.php?id=eGRLQ2pZL2xIay91U0JYUjFla0Rmdz09
   3 ,https://www.rera.mp.gov.in/view_project_details.php?id=dE9CWU5KeE8vWWc3VmdBWkhIWktkQT09&extid=UmpnSXkwblhlNjg4ZU5icXowM0dMZz09
   3 ,https://www.rera.mp.gov.in/view_project_details.php?id=UVNXK2xpK1dXYnBWYlhSWnRhZ1Qvdz09&extid=Vm52RkdBbS8yVnN5RVRtT2ptZTZPZz09
   3 ,https://www.rera.mp.gov.in/view_project_details.php?id=anJldlZQTTl1WHFFUTZGV0dJNmY3dz09&extid=Z0szTXZlZlAyYm11WGtsbTNZY0ZyZz09
   3 ,https://www.rera.mp.gov.in/view_project_details.php?id=T3pFTml3M3FBb25wbjVnVE03T2VwUT09
   3 ,https://www.rera.mp.gov.in/view_project_details.php?id=cFkvUEI3MTgxQ0VnTGtyWEd1bGVzUT09&extid=QTJNcmxqa1d2Mk1ZTUpmbHQxUi9adz09
   3 ,https://www.rera.mp.gov.in/view_project_details.php?id=VTN1MTZtZjV4VlZuMTdTOWs1aFpGUT09&extid=M2xjeUdONmEzRXRpazB5TEJDanYvZz09
   3 ,https://www.rera.mp.gov.in/view_project_details.php?id=NGpvVE1MbkRaeWMyR1l2MEVwc0RWQT09&extid=eThtRW1PVjJzZFo3eW13K1U5WWdXZz09
   3 ,https://www.rera.mp.gov.in/view_project_details.php?id=SUpmTGJzN2xMVE1zWmtTL1RhVngwdz09&extid=a2ZZZjFZZTVGeDZBUVFyVERVMXlYQT09
   3 ,https://www.rera.mp.gov.in/view_project_details.php?id=aStXYlh1S0paOFdkcklEZlhkM3VSUT09&extid=TkFUYWUyZjFpd3RZblJncndmSGRVQT09
   3 ,https://www.rera.mp.gov.in/view_project_details.php?id=OXQrZUtsVnFHZ0tjZkFyMVl5QU1pUT09&extid=c0tpWXE4NHJjUW51ejJySmhxU2FxUT09
   3 ,https://www.rera.mp.gov.in/view_project_details.php?id=bkZVOEJCRytEb2JEYlJoUGphWUZudz09&extid=SUxRbzk5bmpYYVJ1U0xLbmJYTHF1Zz09
   3 ,https://www.rera.mp.gov.in/view_project_details.php?id=amxNeTVTdVI0eVYwZjdKRjNTSlN4UT09
   3 ,https://www.rera.mp.gov.in/view_project_details.php?id=bk54d1UzSFVKVU9IbVhYTUtjNzhvUT09
   3 ,https://www.rera.mp.gov.in/view_project_details.php?id=aUxlaXQzdUZFcVl5L1l5Z1dKS0VUZz09&extid=TmpReFJjcThOcXNCUEtQODJUdWdBQT09
   3 ,https://www.rera.mp.gov.in/view_project_details.php?id=RTNoZ1JySGgxN3BYcDA3NjNCMHZoQT09
   3 ,https://www.rera.mp.gov.in/view_project_details.php?id=NDN4VWdPak9TVFNUODlXVVJLT1RVdz09
   3 ,https://www.rera.mp.gov.in/view_project_details.php?id=bEtTOUJNTGNscXI4R0lueUR6VWlzUT09&extid=VUp3YXJuQlpQYWsvRFdrSXB5Z1hIUT09
   3 ,https://www.rera.mp.gov.in/view_project_details.php?id=MEQ1dVdpTkZkZXc5LzFib0kxZDJhdz09&extid=ZFcxOTJXSThyakNVVkY0SFNBWWh0Zz09
   3 ,https://www.rera.mp.gov.in/view_project_details.php?id=RkFqZGIya2NFUlg4d201aFF5QXV1QT09&extid=NUlQLzZuMWVYcVhQQXJKQU9CU21xQT09
   3 ,https://www.rera.mp.gov.in/view_project_details.php?id=endKTVhrRnIydnJMNEdScUZyL3JvQT09&extid=VlZXZmpwd055dUdHMFRvdWpwTFlHUT09
   3 ,https://www.rera.mp.gov.in/view_project_details.php?id=R2lNYmdYZHl2azEyN2E0c1dXb1A4Zz09&extid=dXRjeURacjIybEx2T0tRRS9LL3dRUT09
   3 ,https://www.rera.mp.gov.in/view_project_details.php?id=Y2wybitMY1RqQnI3S29sVnFYajZEUT09&extid=NENDWStOT0U5U2dYcWdxQXJXYU9tUT09
   3 ,https://www.rera.mp.gov.in/view_project_details.php?id=MWxTSXJWbFdxR1hySzVxSCtsSUZPUT09&extid=S2FuTktTTTdzUXp0SzJOM0dxOFdMdz09
   3 ,https://www.rera.mp.gov.in/view_project_details.php?id=cGFCTmpGdEg0NndhWkQ4b0R1d255Zz09&extid=bFpkamxLYTNkWTZyOXlML0dMSit2Zz09
   3 ,https://www.rera.mp.gov.in/view_project_details.php?id=WTZacmpIWDFzNyt6TTJ1dEV0WkNUUT09&extid=VXVrWmp4MjNUbU9tSjl4cnZjV25Gdz09
   3 ,https://www.rera.mp.gov.in/view_project_details.php?id=T3lnc0MzcEVNR3F6V1NMaEZDankwUT09&extid=Z1FTYUxsc2V4VExkSG54ZXppZFVmQT09
   3 ,https://www.rera.mp.gov.in/view_project_details.php?id=RGZabVlta1F0VFNPeFl3aFlDQ0ZpQT09
   3 ,https://www.rera.mp.gov.in/view_project_details.php?id=QnRXbVJBV2tDWDdWcW4rZGpSTUxXZz09&extid=MXNQL3pJTWhXTzBZMXhBQmlEWmVHUT09
   3 ,https://www.rera.mp.gov.in/view_project_details.php?id=UmIrQ25YNCt2UGRoc1c4dldNZDZ0QT09&extid=MGJkeGlZem5YUzlWSkU1ajJFaXpoUT09
   3 ,https://www.rera.mp.gov.in/view_project_details.php?id=ZCsyT1p2ZW9yNVQwTmtTSUZHUElCZz09&extid=OExTZ2hTY0FoQjhaanNkZlNwdkFGQT09
   3 ,https://www.rera.mp.gov.in/view_project_details.php?id=NytxQVpFdnNtN0VUbEMxdkx2ZlhMdz09&extid=dHVaaHF3Tnk2dHNaengySXN5RGtPUT09
   3 ,https://www.rera.mp.gov.in/view_project_details.php?id=aG1JaGlLWjNLMTZ2cW1SZ2dnSTg2QT09&extid=ajBQMUtsMkVsRjdGd1RmY0hmbm44Zz09
   3 ,https://www.rera.mp.gov.in/view_project_details.php?id=aGRvOHk1VzNraUk5UGxOdkg0Yk5hZz09&extid=TThGSlpHQm1ySGVlL05CTWxma293Zz09
   3 ,https://www.rera.mp.gov.in/view_project_details.php?id=NVdCenh5MFFlUXNhKzc2RXZhVEFsQT09
   3 ,https://www.rera.mp.gov.in/view_project_details.php?id=dlNpSjNQTFU0MlI0L0ppcGkvU25xdz09
   3 ,https://www.rera.mp.gov.in/view_project_details.php?id=dy9Oc3lacFdjS2RZMERGQ09zenlsZz09
   3 ,https://www.rera.mp.gov.in/view_project_details.php?id=U2N2MDJqOGVzdSsxZlV6Rk51ekQzUT09
   3 ,https://www.rera.mp.gov.in/view_project_details.php?id=eUFSVWd2ZVltS0MxY1p6VGhpTzE3QT09&extid=OVZCV2FURmZFMzZJdmhaUkp3L0Fldz09
   3 ,https://www.rera.mp.gov.in/view_project_details.php?id=ZDBMVUVWTWtPYmV4TDF0OU1QSFk4UT09&extid=cWRDTnVOeVFjUEFLWHY3WTlDR0dCUT09
   3 ,https://www.rera.mp.gov.in/view_project_details.php?id=UkU4Z2VTLzJxWGdka0EyUGI3RUwwQT09&extid=MXNuaDFuc2ZJVDlJaE9iRGREOUlxUT09
   3 ,https://www.rera.mp.gov.in/view_project_details.php?id=RXdjUUpUdlAyNFRuODBXaDFoZE9OUT09
   3 ,https://www.rera.mp.gov.in/view_project_details.php?id=S3pPZlJoamVoVkNqNk9HTUF6RUN0dz09&extid=NnZDUS9qckVhb3lOeklmZGJuQXZoZz09
   3 ,https://www.rera.mp.gov.in/view_project_details.php?id=ZVNCdmgxY1hlU3FMSTkrOVZDUmZRZz09&extid=QjVVY2JwUlMzc0xvTE1valVWNC9rUT09
   3 ,https://www.rera.mp.gov.in/view_project_details.php?id=bXRDdHZRdjJJYTltYVJCbjRrWUsrUT09&extid=YXRmOTZqZEE1cDREMlJXTkZTUkROZz09
   3 ,https://www.rera.mp.gov.in/view_project_details.php?id=SjE5SGh6YkQ0K3hWSEdaV3QrbTdmZz09&extid=djFVbFd6M013QXN6R2dLbnhLdS9idz09
   3 ,https://www.rera.mp.gov.in/view_project_details.php?id=Z1VzTWcxWVQ0SWl4MVlpWmxzbVVmUT09
   3 ,https://www.rera.mp.gov.in/view_project_details.php?id=NUhiRUNaOFlwdmg1TFhBTHN4ak0xUT09&extid=VFkvMFI1WUY5Nm1lQS8ycmQyaWdOQT09
   3 ,https://www.rera.mp.gov.in/view_project_details.php?id=OElzQjB0VnVqMGVyMWNmNWZ4dWRVUT09
   3 ,https://www.rera.mp.gov.in/view_project_details.php?id=STlSNGN1Y2tCRk9ReVlqa3NjVGFIdz09&extid=NWw4S1h2Z0hSRFBTQ3RnQS83bktSZz09
   3 ,https://www.rera.mp.gov.in/view_project_details.php?id=QkdWVThVZ2lDT1FycXBZcVVTTk93dz09&extid=aDRkTFZXMFdMdExQbGt6YzRmZjlPQT09
   3 ,https://www.rera.mp.gov.in/view_project_details.php?id=Qk1QWUp3Zko0Mmw5VG9idnZremFNZz09
   3 ,https://www.rera.mp.gov.in/view_project_details.php?id=b2tVNWFadHlJc0lpYXFiMThDcncxQT09
   3 ,https://www.rera.mp.gov.in/view_project_details.php?id=VHlPcnRyMlR3VWZGNE5WUm45cUduUT09
   3 ,https://www.rera.mp.gov.in/view_project_details.php?id=QUt4Q3BhVENTVVFGVlpSOXRaaGRxUT09&extid=MWhEeGtMWjY3c0h0bjRydC8yOWQxQT09
   3 ,https://www.rera.mp.gov.in/view_project_details.php?id=V1c2dXRBN3UrblN6TDBpYmF5QUw4Zz09
   3 ,https://www.rera.mp.gov.in/view_project_details.php?id=dGpoOXRBeEN6ZGl3OW1vS3ZDb3Fhdz09&extid=S2k5WmhxS3R0dzNZU1JNWUdIeWlMUT09
   3 ,https://www.rera.mp.gov.in/view_project_details.php?id=dGt5WjVKai9pNWdlTG5ia1RhMXZ0UT09
   3 ,https://www.rera.mp.gov.in/view_project_details.php?id=R1hKcmgzajRTcUxvYzdKcXhUeW5KZz09
   3 ,https://www.rera.mp.gov.in/view_project_details.php?id=Zit1MjFMRDQ0TlVOTXhjaGE4NHY3Zz09&extid=QlBlQTVKSEZzRE0wTGxDalVYY0lTQT09
   3 ,https://www.rera.mp.gov.in/view_project_details.php?id=OG9LMnJTMHpaWFN6aGs3aE1FeHRtdz09&extid=bkhzTk9vdllheWpEbFk5Ym1yTzdOdz09
   3 ,https://www.rera.mp.gov.in/view_project_details.php?id=REtiRGV2dzg0YytHU0k4RnJCeFRkZz09
   3 ,https://www.rera.mp.gov.in/view_project_details.php?id=OXB4NnVkZ2JncDdRdWdyaFJiQkV0UT09&extid=S0FnZnAwc3g2VzNETlhBcFBkeXNlZz09
   3 ,https://www.rera.mp.gov.in/view_project_details.php?id=eDdiTnJVaGlIa2NkOHNoMUEvR2VVZz09
   3 ,https://www.rera.mp.gov.in/view_project_details.php?id=UDl5NUdJRlNrcXpJQTJoY2JQNDV4UT09
   3 ,https://www.rera.mp.gov.in/view_project_details.php?id=cU9kSUN5SlMrVHpKZy85a2wxSFFnQT09
   3 ,https://www.rera.mp.gov.in/view_project_details.php?id=MXVUSjJnOHJJWG9mUllUM0tRdWxSQT09
   3 ,https://www.rera.mp.gov.in/view_project_details.php?id=SWlBYXNjR0d4TXQ1MkdCUnQ4NmFFdz09&extid=ck81SDh5WVhxbE8xdG81bE5EVlM3dz09
   3 ,https://www.rera.mp.gov.in/view_project_details.php?id=ajJkV1htQ1JMWlNMeWovNTl2TGpHdz09&extid=WGh1WTJsa2x4SXdtdlJjcFdEeXhYQT09
   3 ,https://www.rera.mp.gov.in/view_project_details.php?id=M3NuN3QzakVTTFhuMWxNRS9QZmtMdz09&extid=R3RlVjVlTEVhV3Q1VE82VGZtNHV6dz09
   3 ,https://www.rera.mp.gov.in/view_project_details.php?id=Z0doSnM2ckorSDlmUWlJUnN0WVVyQT09&extid=K28yQjVVYmRLY1RGdXZCNkFKQVpvQT09
   3 ,https://www.rera.mp.gov.in/view_project_details.php?id=ZDU3Q0JGOWxzUlQ2STZ2UG8rbHJSUT09
   3 ,https://www.rera.mp.gov.in/view_project_details.php?id=clUwUnJIbFJ6M2xoOU9KTmliV3FBQT09
   3 ,https://www.rera.mp.gov.in/view_project_details.php?id=L1ZEMVNwdjVMbHNaM1llOFlXc3lxUT09&extid=V1ArY25oaXdBV0FQTVlkQjUvMVhnQT09
   3 ,https://www.rera.mp.gov.in/view_project_details.php?id=bWpKSWoyaEZiMWFEMHA3MnRrbnRlQT09&extid=bUlZbGMwdHFiZnBERnVBaWgxbzd1dz09
   3 ,https://www.rera.mp.gov.in/view_project_details.php?id=SDNTRmdUNTB3dFNkQjJnaGpvWHBXZz09&extid=VnIzTEpQWTVQUlBJTGp3TVlyaUllUT09
   3 ,https://www.rera.mp.gov.in/view_project_details.php?id=TjlLYVZEVVFQOWtqK29NWk1BdE1TZz09&extid=R3YvU2VkVENadXVzZzFlZ0Nhcmdidz09
   3 ,https://www.rera.mp.gov.in/view_project_details.php?id=endGMzVkSEpNdDJYSitrUGEwMFZBdz09&extid=N25OMWs1NCtrNGk4aUlSajJlcHJuUT09
   3 ,https://www.rera.mp.gov.in/view_project_details.php?id=ZVFhWWRXRmZiMDlRVmpyLzU4TDhMUT09&extid=TzV3OUJST0pXVHdiOVRTUHhrelljdz09
   3 ,https://www.rera.mp.gov.in/view_project_details.php?id=Q0tQbDdLMVVxbVV1NmdaNnVWMG9vQT09&extid=b0xEZDhUN3hUSE1sWURtMVpwUXBoQT09
   3 ,https://www.rera.mp.gov.in/view_project_details.php?id=VHBybkltQ1pKakpSK29Ib0IrSEJwdz09&extid=T1RpNlBmcEo3SUxGT1lEUkE4WTBDUT09
   3 ,https://www.rera.mp.gov.in/view_project_details.php?id=QXhLQmltaUJLbnBOY3RiaExlRk0zdz09&extid=alFuVXVnYmRLNFhtVlJsMERVbGlNQT09
   3 ,https://www.rera.mp.gov.in/view_project_details.php?id=cWNZSlpVWjE5eFExS3d5RmNiWnQvZz09
   3 ,https://www.rera.mp.gov.in/view_project_details.php?id=RzNMT3pWSkJ4VFFYai90SjJnTCtkZz09
   3 ,https://www.rera.mp.gov.in/view_project_details.php?id=eTMrb1k5WEZDajRVTTBBbEorb0ozdz09&extid=U0FZamtvRVVaRmZML09SZ0VLc083Zz09
   3 ,https://www.rera.mp.gov.in/view_project_details.php?id=Ly9TekpCT1hMUTdwV3FkQ3JxWUt6Zz09
   3 ,https://www.rera.mp.gov.in/view_project_details.php?id=S0V3QklvdDBPcFlySDMvQm1tbWgzQT09
   3 ,https://www.rera.mp.gov.in/view_project_details.php?id=VXNCRlR4QitDTXN1dE5iSzZNRDJjdz09&extid=YWhucEp5RUJtS3dsV1h0TUdMMC9tQT09
   4 ,https://www.rera.mp.gov.in/view_project_details.php?id=SE9EOTRHUFgwZGZzZUtURGU1eXdXdz09&extid=eTdVUndaYi82VmgzU1FmMkhKVlE1Zz09
   4 ,https://www.rera.mp.gov.in/view_project_details.php?id=SGszMGFORjhCRkZnWEdIMXRtRU5NQT09&extid=SHVMbDNvNW9JMnZkSjhxNFNpeGRkUT09
   4 ,https://www.rera.mp.gov.in/view_project_details.php?id=Y1RrcVBnQzVpRFNBLzZIZDhxTktKdz09&extid=NDN4VWdPak9TVFNUODlXVVJLT1RVdz09
   4 ,https://www.rera.mp.gov.in/view_project_details.php?id=UkhkQ2FGM1Q5dFZMY25HWWUxVzlhdz09
   4 ,https://www.rera.mp.gov.in/view_project_details.php?id=TWp5aFJlNHZ4c0Vrd1NPMjc3RS9GZz09
   4 ,https://www.rera.mp.gov.in/view_project_details.php?id=YmdLOWpYeCsvZ1plcC9MNktOVlVnZz09
   4 ,https://www.rera.mp.gov.in/view_project_details.php?id=QUhrM0dBT2FBY0p1QmNWaUFFSjNBUT09
   4 ,https://www.rera.mp.gov.in/view_project_details.php?id=OEllMTFVejJPNHNZUnhnQUYrb1pSZz09&extid=T3lnc0MzcEVNR3F6V1NMaEZDankwUT09
   4 ,https://www.rera.mp.gov.in/view_project_details.php?id=blFlMmZsTU82ZmlWWEFUL1B0c1BXZz09
   4 ,https://www.rera.mp.gov.in/view_project_details.php?id=TjdzRlRJbWVwK3BiWFpKZ2N6SEtsUT09
   4 ,https://www.rera.mp.gov.in/view_project_details.php?id=SXhyQW00NW5abzJiaGZXMUVwS0FnZz09&extid=TktiZGx2UURHV1RrRUNuNlg1WkpjUT09
   4 ,https://www.rera.mp.gov.in/view_project_details.php?id=c2RQbG5ScmZEQmhzSFR2RUtrNWNLUT09
   4 ,https://www.rera.mp.gov.in/view_project_details.php?id=M1dYMmIzL0tubDRndkhpd0NnUjdyZz09
   4 ,https://www.rera.mp.gov.in/view_project_details.php?id=d0VqTVViOXJOdHNLZ2Mwc3UrMjBLZz09&extid=aDQxSWM0ajIxVHlpUkoxcVViNjFkUT09
   4 ,https://www.rera.mp.gov.in/view_project_details.php?id=Sk05U2ZkQ1hEb2FFWis1S0VxV3lWdz09&extid=b084dXB2L1grZDBieWZYY3lqbWRRZz09
   4 ,https://www.rera.mp.gov.in/view_project_details.php?id=RE1LTDVJQ05UY2llR09BTlIwL2NOdz09
   4 ,https://www.rera.mp.gov.in/view_project_details.php?id=dnU2cHZSY2p6Z2lmT01ubGd4M2NCdz09&extid=ZkJBODl1bGZ2OHMvWGQ1LzRicU5hQT09
   4 ,https://www.rera.mp.gov.in/view_project_details.php?id=WGJzcGVwc2s5ZW5WSmo2WlUwYjFUQT09
   4 ,https://www.rera.mp.gov.in/view_project_details.php?id=NFY5TndjeVB2cXZZK1MyZHZPWTZzZz09&extid=L2d3SlA3cy9oMVpvRys4emdFSmt0Zz09
   4 ,https://www.rera.mp.gov.in/view_project_details.php?id=YnNrRGxSVzRzNGhaWEE2aFZxYmFaZz09
   4 ,https://www.rera.mp.gov.in/view_project_details.php?id=VjNOQ00ySEk0bHpvYjFYQW9mMGF1dz09
   4 ,https://www.rera.mp.gov.in/view_project_details.php?id=bm9KTjlVU1NrYWNBZ1JtYUs1QmRWZz09
   4 ,https://www.rera.mp.gov.in/view_project_details.php?id=WmU0VFFHLzF4U2I2ZGEyWHdFbVZPQT09&extid=R3FBL2Y0eit0cFpEUVoyREliSlRTUT09
   4 ,https://www.rera.mp.gov.in/view_project_details.php?id=M0NqTUI2eFk0eHFUUnFiU29kQmJQUT09
   4 ,https://www.rera.mp.gov.in/view_project_details.php?id=YmRtREVleURpaTBtSmxWUWlpNnkzUT09
   4 ,https://www.rera.mp.gov.in/view_project_details.php?id=MGJkeGlZem5YUzlWSkU1ajJFaXpoUT09&extid=cEErWlRzZFUyWmY1RVNzVG5nTkhSQT09
   4 ,https://www.rera.mp.gov.in/view_project_details.php?id=NUJJVVJTUkFXOVJIbUh3MmpkNHFnUT09&extid=aStXYlh1S0paOFdkcklEZlhkM3VSUT09
   4 ,https://www.rera.mp.gov.in/view_project_details.php?id=VzJWUWd2QWhkZmFaOTN3Nkl4ZkxMQT09
   4 ,https://www.rera.mp.gov.in/view_project_details.php?id=VzNWSFZVSUFla2c2UzdDemduU0pXUT09&extid=c1RlMCtTMkZNUTNQSmlxU0NmL2R5Zz09
   4 ,https://www.rera.mp.gov.in/view_project_details.php?id=cGt3Y0tiaVZLODNFK3YyS1hQcGhpZz09&extid=bnJtajhKcTZIWkQ1Rm1zeDFMNVZiUT09
   4 ,https://www.rera.mp.gov.in/view_project_details.php?id=T1lIbUZDZ3I5eXRqZHErWmU3TXUwQT09&extid=cTg0Nk9NdTVXeUh0WEc5SXIxamFiUT09
   4 ,https://www.rera.mp.gov.in/view_project_details.php?id=RXdkK1RtVVlWRWZRSWhZdTRLalYrZz09
   4 ,https://www.rera.mp.gov.in/view_project_details.php?id=dTNGWEJvMlFMY21pckoxNytDcG5OQT09
   4 ,https://www.rera.mp.gov.in/view_project_details.php?id=R2RpRENmcVR4dGpnajhITWVuWDhMdz09
   4 ,https://www.rera.mp.gov.in/view_project_details.php?id=Nk9QdC94K1I2V0hYdUNvN2kxeXBNQT09
   4 ,https://www.rera.mp.gov.in/view_project_details.php?id=QktYdlI3Qks5aDNMbjdZOXlseHBUUT09&extid=QzdSMjhQSU9TQm1ueHRFV2ErWVhNUT09
   4 ,https://www.rera.mp.gov.in/view_project_details.php?id=UHIzb3FESndwcFMzR1BwS3ZreksvQT09&extid=M1drQkJ1UmNOYmtqL2VvM3BwSVRBQT09
   4 ,https://www.rera.mp.gov.in/view_project_details.php?id=S1A0czFJSVJLOCtxeUkvdW1tc2JWQT09
   4 ,https://www.rera.mp.gov.in/view_project_details.php?id=Y1ZNdzljWHBWOEVsWEZidURqQ2kyZz09
   4 ,https://www.rera.mp.gov.in/view_project_details.php?id=RXJhUFNzNDdyNjJrT291bW1LWFNRUT09
   4 ,https://www.rera.mp.gov.in/view_project_details.php?id=VExUTnprTmRkZFJpSmorc0xXdFYzUT09
   4 ,https://www.rera.mp.gov.in/view_project_details.php?id=ejk2akNWSm9qS1lMTFJyVjlkWEh1UT09
   4 ,https://www.rera.mp.gov.in/view_project_details.php?id=WXRhSXdsUUhHUXZKcTFpQ1g3Q1JEUT09
   4 ,https://www.rera.mp.gov.in/view_project_details.php?id=UTd2T3lzR1QxUkNmbDVuVmxVd3hrQT09&extid=UEZmRXQvandqVVpsOFJzcDAzcHVidz09
   4 ,https://www.rera.mp.gov.in/view_project_details.php?id=ak1TT2IzZWRPWW1WYjBCclRzc3RYQT09&extid=a1R6MDh2QU11b1kranVjWU5pZWhlQT09
   4 ,https://www.rera.mp.gov.in/view_project_details.php?id=RXhDaDVzK2VlME1xM1hTSGxwTk1wQT09&extid=cE8yYUlzNHV6S0hjZGc4VWVHTjVMZz09
   4 ,https://www.rera.mp.gov.in/view_project_details.php?id=azZHVCtiYitiL2pIUnJyWm9IZTN1Zz09
   4 ,https://www.rera.mp.gov.in/view_project_details.php?id=S1I0VGxoYldXM0tjVVJzTWNSd2tuZz09&extid=d1NlNWNZbEFoR2NONmtId0paZUh2UT09
   4 ,https://www.rera.mp.gov.in/view_project_details.php?id=V2gvUXhaSEVqNkgvQTNKNzZ3bjRHZz09
   4 ,https://www.rera.mp.gov.in/view_project_details.php?id=K2pPdmt4RVZqOUZKNCtpSk93aXRmZz09
   4 ,https://www.rera.mp.gov.in/view_project_details.php?id=ekVudU5iTGo2T045UTQrZmF5Mm0vZz09&extid=aHl3U3lVNHhKKzVDTnNhVURDeHRUZz09
   4 ,https://www.rera.mp.gov.in/view_project_details.php?id=NWh4R1ZJVjY4M3N0Ri83aURLK3RXZz09
   4 ,https://www.rera.mp.gov.in/view_project_details.php?id=a05tejViK0NrTmZVUEFWQm5WR0NyQT09&extid=OTNGTVV3UXAwVm4vQVQ4dC9IcTAydz09
   4 ,https://www.rera.mp.gov.in/view_project_details.php?id=ZUdiN2tUK0x4NUlnS0w1Nzg3enArUT09
   4 ,https://www.rera.mp.gov.in/view_project_details.php?id=WmM3OXQ1eGZqMWJJSXowdml1ZzVOUT09
   4 ,https://www.rera.mp.gov.in/view_project_details.php?id=VjJmY3djWUJ3S3k5eWVUMFc3eHl4QT09
   4 ,https://www.rera.mp.gov.in/view_project_details.php?id=dzhyV3ZQaUU1Mzd4RHJsbGlpL3Fzdz09
   4 ,https://www.rera.mp.gov.in/view_project_details.php?id=S3MrMFpDaTltTVo0TG9maHUwTlFjQT09&extid=OUZqZzFqYlpBTEdwR05sNFM2UHU1Zz09
   4 ,https://www.rera.mp.gov.in/view_project_details.php?id=OE1jN3VFNyt6VDNsUUxyVHlGc3JWZz09&extid=eXVTNjZsZ1VSMzFIazA2QUVQR1FmZz09
   4 ,https://www.rera.mp.gov.in/view_project_details.php?id=bkExNUc5MGs3MXVnQ3E0Wk9HdUg1dz09
   4 ,https://www.rera.mp.gov.in/view_project_details.php?id=M21mLzRyWkVEeEZFRGtDRVQ1RjdWQT09&extid=T1psdXBkN0dVZHRJSEtEbklZdWtCdz09
   4 ,https://www.rera.mp.gov.in/view_project_details.php?id=dHg2djhUS0NtOWhaZ0N4NlV5SUY4UT09&extid=Q09JbUh2Z1lKbkgxK2Q0ZWY3QXJ4dz09
   4 ,https://www.rera.mp.gov.in/view_project_details.php?id=STU1MUloMW5qMzRVMEZUdUgwbGc1UT09&extid=dGpteGVSaVoyL2hPR2YyQ01WYXRTUT09
   4 ,https://www.rera.mp.gov.in/view_project_details.php?id=bFdjL0FTTU1kSmk1TWRKQ1Exc1lYdz09
   4 ,https://www.rera.mp.gov.in/view_project_details.php?id=Y0dhNHRlZzUyS0o1Mld4N29jcE1LUT09&extid=T2dkSEZidW5Qc0REY08yRDhhQ2NNZz09
   4 ,https://www.rera.mp.gov.in/view_project_details.php?id=VnIzTEpQWTVQUlBJTGp3TVlyaUllUT09&extid=eFZwWE1sOWIwRmVVcC9LcnVWeXh3Zz09
   4 ,https://www.rera.mp.gov.in/view_project_details.php?id=UVpucGxYYUNGUkQ3VUpJVDJXM3B6QT09&extid=a3FMRGw2dk5lMFY2NHFYczNDNThuQT09
   4 ,https://www.rera.mp.gov.in/view_project_details.php?id=c0ZwSERRVVBrVUFxS0JadGJISjBGZz09
   4 ,https://www.rera.mp.gov.in/view_project_details.php?id=enFXQ2srZUh3RDRKM3NuaFNNYXcrZz09
   4 ,https://www.rera.mp.gov.in/view_project_details.php?id=VUVINlIxVFdvZU5TSjZqV212anZrUT09&extid=UUJlUVhFb1JPQks2YWthRGF6ZnNPZz09
   4 ,https://www.rera.mp.gov.in/view_project_details.php?id=LzdNcUxTL2pyeWdrM0RMdk5NTnV6QT09&extid=aG1JaGlLWjNLMTZ2cW1SZ2dnSTg2QT09
   4 ,https://www.rera.mp.gov.in/view_project_details.php?id=Vm52RkdBbS8yVnN5RVRtT2ptZTZPZz09&extid=aXdvR0tpVm5ObldwdzNmK3hZcmFpUT09
   4 ,https://www.rera.mp.gov.in/view_project_details.php?id=L0hvZ2ExTlg1dDkzdDNaekhNV1l1UT09
   4 ,https://www.rera.mp.gov.in/view_project_details.php?id=NFNvdHN4UjhCdjJIMUFiS2FuUnBMUT09&extid=a1E1RkFJSmc5aDVYemd3Ym1WcEVyQT09
   4 ,https://www.rera.mp.gov.in/view_project_details.php?id=U0NSdENaK25jS2hLaklaK0kyU04rdz09
   4 ,https://www.rera.mp.gov.in/view_project_details.php?id=M0JDZ0pIWFowbnFsWE5EYVJ4MWJEQT09&extid=NFBIMFBva1pBS1RpS0dDSkNUeFdwdz09
   4 ,https://www.rera.mp.gov.in/view_project_details.php?id=MzVSU2Vaczd0TmVpd0RZVUhIUkk0QT09&extid=U0JkZnNkU2tXaVpNMk80a3BwTFd4dz09
   4 ,https://www.rera.mp.gov.in/view_project_details.php?id=dSt5a1d2TDBOMG90RFZ6NVIrUGpxUT09&extid=SzF1S1BIT0czcXJyZUs1SFZBQWtqZz09
   4 ,https://www.rera.mp.gov.in/view_project_details.php?id=MlhGQ1B4bmhOcjRndndGTDFYS3BSQT09
   4 ,https://www.rera.mp.gov.in/view_project_details.php?id=QUJkNUZLdjBIOTFiYUI4UFFmTlJyUT09&extid=RGZabVlta1F0VFNPeFl3aFlDQ0ZpQT09
   4 ,https://www.rera.mp.gov.in/view_project_details.php?id=Qk1JVVZRclZNTmIzemtOU0ZxTCtYdz09
   4 ,https://www.rera.mp.gov.in/view_project_details.php?id=dktyVFRtaE5oelllZmNab0k5WkVpQT09&extid=d3VSVnM5dUVVMXZ4eFFsREpzcldoQT09
   4 ,https://www.rera.mp.gov.in/view_project_details.php?id=N2p5N3RXNFc4YVpYTjFlV2hSMW8wUT09
   4 ,https://www.rera.mp.gov.in/view_project_details.php?id=dkY5QnhDWU0vVjJhNGdCZTBaeWV6QT09&extid=VTkrWU8rczNoejI0OGh0bW16bHZ4QT09
   4 ,https://www.rera.mp.gov.in/view_project_details.php?id=YnpFRTRDYzBJcTR5OHhobVNjTlBWQT09&extid=ZHh1cGlOaU95N3pLTDIwMTFvejRkZz09
   4 ,https://www.rera.mp.gov.in/view_project_details.php?id=MmlaOXNudHRNQWZvYWxlV3orVjgyZz09
   4 ,https://www.rera.mp.gov.in/view_project_details.php?id=OHJzcnUwRkNYaFc4U096RGRtTFBQUT09&extid=NzFOVGxFbXhzb2VlNXplN1Fzb05Idz09
   4 ,https://www.rera.mp.gov.in/view_project_details.php?id=MjNJSmRJY3ZCZjJHTU80U3dlV0IyQT09
   4 ,https://www.rera.mp.gov.in/view_project_details.php?id=SHM1dzdLdWpvbkNvcGNFN0RsdC9jZz09&extid=cmVXNGs0c3JBNXg3cERibW9wYk5SUT09
   4 ,https://www.rera.mp.gov.in/view_project_details.php?id=K0FmMWVmUFFmbFp4N1FMcGpja3daZz09
   4 ,https://www.rera.mp.gov.in/view_project_details.php?id=NE04eGxtOG1rUWUwL1R1MnE3blVYQT09&extid=R0UwMzJHbXpuelliY2RwOTRqMkRDZz09
   4 ,https://www.rera.mp.gov.in/view_project_details.php?id=VmlNUVp0aDhreDR6K3FnS0s2MDloZz09&extid=MFM5SmxkblRMdTRVZWVRZ0p3MFE1Zz09
   4 ,https://www.rera.mp.gov.in/view_project_details.php?id=ZHRzR3A2Mm4xbzBJMXk3RDZMcFVMdz09&extid=akdqWkNjUGdjTVQvbmxuU20wOU54QT09
   4 ,https://www.rera.mp.gov.in/view_project_details.php?id=WkVTTTFzSk9jb1lSNzlMWEZEWXVJZz09&extid=cjZlMVBETkN3c2lId1E3SzZLU1djZz09
   4 ,https://www.rera.mp.gov.in/view_project_details.php?id=MTJtbzJETmdHbExKdWpGdk0zVVRPUT09&extid=UTZmaWw0VEpOYXE2akVnNG9VNmJyUT09
   4 ,https://www.rera.mp.gov.in/view_project_details.php?id=K2RkeUIwOXZBZUV4N3dXSnhKaXNtdz09&extid=eXFFNjZVWS9xejVKM0twTTJERENjdz09
   4 ,https://www.rera.mp.gov.in/view_project_details.php?id=K3FnNCtXbVFoMkk4NUVWSFJla2Zkdz09
   4 ,https://www.rera.mp.gov.in/view_project_details.php?id=OWxZY0xEMVJUTXFqK0lDQnN4UnZMUT09&extid=aHl2QnlBalk3ZWltaUF0Qy92a041UT09
   4 ,https://www.rera.mp.gov.in/view_project_details.php?id=M3FHdXIvUCtXNXZjZmQ4RTRDakJMZz09&extid=UWp1RHJJbnkwdTY1S0ZKVzluRFF5QT09
   4 ,https://www.rera.mp.gov.in/view_project_details.php?id=ZURldElmSnU5M0RFVmNGc1BzZS9sZz09
   5 ,https://www.rera.mp.gov.in/view_project_details.php?id=SFNPcFlObjU0T0lISXZKOU91QjVhQT09&extid=Ky94SEJ6TjlYd3JUYWhDNnhMbGpTZz09
   5 ,https://www.rera.mp.gov.in/view_project_details.php?id=YTZLMjRPSmxOMEVCVG1EUWpiVmpIdz09
   5 ,https://www.rera.mp.gov.in/view_project_details.php?id=TThtTlVmMUlyVDlta1F4aXFOamwxZz09&extid=dlNpSjNQTFU0MlI0L0ppcGkvU25xdz09
   5 ,https://www.rera.mp.gov.in/view_project_details.php?id=K1VRMzlnYy9TWUNlaHhjTzBMZk1FUT09&extid=aEl4TkNhYW9kNnQzVThtMFQrQUlhQT09
   5 ,https://www.rera.mp.gov.in/view_project_details.php?id=dENqTjlTSkd6MUxtQ05SWG1vT2U1UT09&extid=UlNXdEY1ZzhGUjBrZWdUeUhVOFc3Zz09
   5 ,https://www.rera.mp.gov.in/view_project_details.php?id=YU5ZK1FDNWpJbnlIbFc3SzdJQjUxUT09&extid=ZmwraVJTckZuckpwZk4rK2c0dnNadz09
   5 ,https://www.rera.mp.gov.in/view_project_details.php?id=RWlkUWpoVUYzZU40QUUrU29QVis3UT09&extid=S2lzdmpzNDNHblNLYjhid2tieEE5UT09
   5 ,https://www.rera.mp.gov.in/view_project_details.php?id=NXplOFV4NEtUTDcwU2Q1VkFzS2ZjZz09&extid=ZFNjT1krZDJPWUNTVTlJWnh1K1haZz09
   5 ,https://www.rera.mp.gov.in/view_project_details.php?id=RUtRMERqNHh5S2N6M1lPZnFyUEhlQT09&extid=SlByNS9WY1BaT01DTlhaRFV2MStFUT09
   5 ,https://www.rera.mp.gov.in/view_project_details.php?id=eWZ2YXN4TlZVbWxBMGVyZUE4SGFvZz09&extid=T1N6WktiZEEvNHN6K0J2UmNIUHlxUT09
   5 ,https://www.rera.mp.gov.in/view_project_details.php?id=TlhHSlFJQytodElYQ2lFR0ZXN2lSZz09
   5 ,https://www.rera.mp.gov.in/view_project_details.php?id=Qmp4cFYzVU4wTG1aQ1IyeTU2RVY4UT09&extid=eldTYU5vcDlzaUs1d242MnRaQldmUT09
   5 ,https://www.rera.mp.gov.in/view_project_details.php?id=YWxseEF1M1Y3OVFKbHhPTkV3bXV1dz09&extid=aE9kM1VjYjJyTlZ5RGpsY2NmTjcwQT09
   5 ,https://www.rera.mp.gov.in/view_project_details.php?id=cmM1dW53aGRLQjdvOVhybFdkbEt0UT09&extid=YWYreHYvOHpndlFrVlJqeEpMK05xdz09
   5 ,https://www.rera.mp.gov.in/view_project_details.php?id=bEl4TnJnekNrOFdCUlkzMzE3M3F0Zz09&extid=bWFCZW1paGxWdmpyeDgycjIzSW1TZz09
   5 ,https://www.rera.mp.gov.in/view_project_details.php?id=VjlyUHRjWXNMODd3SmdwR2NUY2l4UT09&extid=M21mLzRyWkVEeEZFRGtDRVQ1RjdWQT09
   5 ,https://www.rera.mp.gov.in/view_project_details.php?id=dWdXZ3pyVXNrWUsrYkQ4ZmxKTllPdz09&extid=THN0T25Sbkg1U3V5Z3hISzNQSkJaZz09
   5 ,https://www.rera.mp.gov.in/view_project_details.php?id=ZVBocWFqOTh6aDhKZ2FBUEtSZUtzZz09&extid=bnpaM1lzbzg0ajJXWmZncTBHTkhNZz09
   5 ,https://www.rera.mp.gov.in/view_project_details.php?id=VWhzaENJNXhiTHRxT2s4N2E3YVFyZz09&extid=ZFdncm5hL01XNWkyMzdTdmJtU2dlZz09
   5 ,https://www.rera.mp.gov.in/view_project_details.php?id=blEwaXBRSG9RS2dyRy9nVWc2WVJGdz09
   5 ,https://www.rera.mp.gov.in/view_project_details.php?id=WHNSSjhyU2YzSzVzUkpwVjFwVSs0QT09&extid=ZVF5SGhNbDRRK3JxeEsrZ3U2RlpIZz09
   5 ,https://www.rera.mp.gov.in/view_project_details.php?id=dEFBeGJxN0U5bXE0ZW10bmI2NU81Zz09
   5 ,https://www.rera.mp.gov.in/view_project_details.php?id=RWNDU0RjOHIvYkhaL1JpUEZ4NE8rUT09&extid=czFIakJaM1YyVjJocU11OS8za3oyZz09
   5 ,https://www.rera.mp.gov.in/view_project_details.php?id=SEJzR3VJanVBR2ZXR1RJcTlqa1Fmdz09&extid=cVc0UG1KMVlhSHFtcUNjSS9tY3NFUT09
   5 ,https://www.rera.mp.gov.in/view_project_details.php?id=b2xMbGN0L2ZIRGpBemVqSitUVyt5Zz09&extid=bFVFRkdUbXFaTXlVT2hra3dNcmhUZz09
   5 ,https://www.rera.mp.gov.in/view_project_details.php?id=YzhZOWdlbGpPclg1VkR6K2hqeXk4Zz09
   5 ,https://www.rera.mp.gov.in/view_project_details.php?id=NzhjUGJPdE8xMXR3amFDVFpZbFpkQT09&extid=VndFL0xwTXBUNXR0WFY5UC9wSEpPdz09
   5 ,https://www.rera.mp.gov.in/view_project_details.php?id=SVJkV2RNUHg4TGhqTVBhRS9XT3FEUT09&extid=ajJkV1htQ1JMWlNMeWovNTl2TGpHdz09
   5 ,https://www.rera.mp.gov.in/view_project_details.php?id=dEI0c2Q0dGxEMTNqNEh5M3daM0UrUT09&extid=RE1LTDVJQ05UY2llR09BTlIwL2NOdz09
   5 ,https://www.rera.mp.gov.in/view_project_details.php?id=c0E3Y1lNOVdHV29kZUJFY3FmSzVzQT09&extid=Uzd6aVpVcEp4KzNkUUVwazZuRmN5QT09
   5 ,https://www.rera.mp.gov.in/view_project_details.php?id=V25iekVpb0xRVXIzVlUzWFEyOGRWQT09&extid=dDlPWEo1a25hMWNPeHZEUnREdjJwZz09
   5 ,https://www.rera.mp.gov.in/view_project_details.php?id=eFU4SXdtSzBNVGlJMFc3a2RRWW1NQT09&extid=NWJySmZacDhuNkxvYXlzMXpMWDFqZz09
   5 ,https://www.rera.mp.gov.in/view_project_details.php?id=R05nWndWTklpdGZvVUI4RUFJVmFiUT09&extid=VXkvY0ROYkhIaU90YTlRR0ZSNURRZz09
   5 ,https://www.rera.mp.gov.in/view_project_details.php?id=UUdhUVZIanArQWFSMXEvY1pjQUQyUT09&extid=MFZCbzJFdW1QTFhZWUF0QzYrU0NwUT09
   5 ,https://www.rera.mp.gov.in/view_project_details.php?id=eHpiY2tGZ1dNWWZGSmlHeDNjZS9aZz09&extid=RlFIMUQ2VGRmY1hTQU5mZjVrUno4dz09
   5 ,https://www.rera.mp.gov.in/view_project_details.php?id=dnd2Ty96TlNjVUhINEtFUEhmZDAzZz09&extid=YTV3bFB6djV4Szkzei9VMG9OZCs3Zz09
   5 ,https://www.rera.mp.gov.in/view_project_details.php?id=WlF1a3VJblVQWVZnY2xDanA2OXNrdz09&extid=VGhUNnVpRUNkUlJFVGNOblFyZUJNZz09
   5 ,https://www.rera.mp.gov.in/view_project_details.php?id=YVNMWFhJN3UyVmZiOHl3ajd4RXJkQT09&extid=U1NJZmZTZndkTTk3ODkwaGxRSlAvQT09
   5 ,https://www.rera.mp.gov.in/view_project_details.php?id=OVgzb2N5b0x5ekVtbm1hQTNKN2t2QT09&extid=TlBvOVh4WDlBUEpiTE1ibDJGR0E1UT09
   5 ,https://www.rera.mp.gov.in/view_project_details.php?id=andQNndCTE56b25RSGdnSkszZlhZUT09&extid=cGt3Y0tiaVZLODNFK3YyS1hQcGhpZz09
   5 ,https://www.rera.mp.gov.in/view_project_details.php?id=WU9QTWYzWHRGeWhuSzNyK3ZsTjJwZz09&extid=R2lNYmdYZHl2azEyN2E0c1dXb1A4Zz09
   5 ,https://www.rera.mp.gov.in/view_project_details.php?id=Skd3RDZXbnhLM0FZNlB5V1hqV0dLdz09&extid=WUY2VTVmTUphVjNIM0dyZXdMbEc2QT09
   5 ,https://www.rera.mp.gov.in/view_project_details.php?id=TTZESzRJS3BSTFBVK3NyMUlsOE1wdz09&extid=Z3NkaW15YklKYkJlZUQ1cHFuMWhBdz09
   5 ,https://www.rera.mp.gov.in/view_project_details.php?id=cWZrN3FEODVOeWRiYWFJYXVpditmdz09&extid=Y2JnQjViQnUwNmRCU253QXZrbkVJQT09
   5 ,https://www.rera.mp.gov.in/view_project_details.php?id=TGMxY0RMeXBuMFRZZVpEMmxnaGV0QT09&extid=eTMrb1k5WEZDajRVTTBBbEorb0ozdz09
   5 ,https://www.rera.mp.gov.in/view_project_details.php?id=a0xWYUJsUzJSUGFkVUYrTTUxVFpLdz09&extid=RWJnaEY3VTFXOFBPTWNKTllyWm5Xdz09
   5 ,https://www.rera.mp.gov.in/view_project_details.php?id=eVhTMi9WNTBuczJzcGpmcE82c2xZQT09&extid=dGpoOXRBeEN6ZGl3OW1vS3ZDb3Fhdz09
   5 ,https://www.rera.mp.gov.in/view_project_details.php?id=cEw5UDVIVlVnakN1NXpkVU9hOUw5Zz09&extid=Y0NReURxcitaUFc4d1kxYktkVHE5dz09
   5 ,https://www.rera.mp.gov.in/view_project_details.php?id=dmkvNUY0UlNkNHpPZkVkOWRTV3JvQT09&extid=SWlZWTFMQXZaL25Tazk3M29lbkpKQT09
   5 ,https://www.rera.mp.gov.in/view_project_details.php?id=MVdYNmt3dG9QSW5NQ1JzTFNaVXpqZz09&extid=cU5MVC9NY3NrZ2F3WnVNekt5SXhaQT09
   5 ,https://www.rera.mp.gov.in/view_project_details.php?id=WHZTaHFBaXIxaU5ONWc1Rjl1TDVrZz09
   5 ,https://www.rera.mp.gov.in/view_project_details.php?id=MFludVZBQUhWV2dlL2gzOFZnTXZQQT09&extid=WGZmZ2JsTWlhL09yeDVsclIwZmVJUT09
   5 ,https://www.rera.mp.gov.in/view_project_details.php?id=Q2hMWDJmUmxNT1Z2czNmRHJ0L25IUT09&extid=UnZmUGVZTzZiUnhvYk5ONE1ndVpzUT09
   5 ,https://www.rera.mp.gov.in/view_project_details.php?id=MVNxNTBMVHI3OVM3UmU3VEhPU2FPQT09&extid=OUFxR0YvWkVkREMySGd2Vm8vaDhJZz09
   5 ,https://www.rera.mp.gov.in/view_project_details.php?id=L0pvMnNoZWtkZU9vSFVMc09tWkpmZz09&extid=ampieVYyV0JLMDRoRWxaUUs4S28zZz09
   5 ,https://www.rera.mp.gov.in/view_project_details.php?id=OUQ4ZW5DVTR0eEhHZDdHSFcycExuQT09&extid=Tlo5ZXh3M1hwUWZQWFoxUFBNMG10dz09
   5 ,https://www.rera.mp.gov.in/view_project_details.php?id=NEVWVnFWZjBIN1A1QTRZb2RCUUYrQT09&extid=bmp6bzNaSzFRZUtQNWJpbkk2TmplUT09
   5 ,https://www.rera.mp.gov.in/view_project_details.php?id=OEFHUjdzRkxIYkYxeXIwdGVCSFVRdz09&extid=cEltOWRFdzlnZy9vWW1MQU5nS3EwQT09
   5 ,https://www.rera.mp.gov.in/view_project_details.php?id=U25FUGwxN3dmYThCZDJhUXJzQnBFZz09&extid=N2p5N3RXNFc4YVpYTjFlV2hSMW8wUT09
   5 ,https://www.rera.mp.gov.in/view_project_details.php?id=K0l6NWt0M2NqNjdoQ2pIWHRmRjZSQT09&extid=TUlTaTRSZ2U0TVdiYTRuT0UvNlpjZz09
   5 ,https://www.rera.mp.gov.in/view_project_details.php?id=OFpGU1N4T2ZQaE4xdmc3SWNNa1E2QT09&extid=TWdKeEtjMmR6dDFXbERGaW85MldnQT09
   5 ,https://www.rera.mp.gov.in/view_project_details.php?id=eVlUU3dSeUNNN2hrVEV5VjVldlNrZz09&extid=MWxTSXJWbFdxR1hySzVxSCtsSUZPUT09
   5 ,https://www.rera.mp.gov.in/view_project_details.php?id=bm1IcG5Yb1JTSTlXRE9adXRFVzNFdz09&extid=c2RQbG5ScmZEQmhzSFR2RUtrNWNLUT09
   5 ,https://www.rera.mp.gov.in/view_project_details.php?id=YTlNL2t1UWdzZHlOTGVlRDIwejljQT09&extid=OFVML2VyWEN3QUNQMXJwVXBFT0crQT09
   5 ,https://www.rera.mp.gov.in/view_project_details.php?id=QzJrbnJyajBIR1dqMWxpQmtMK0ZKdz09
   5 ,https://www.rera.mp.gov.in/view_project_details.php?id=LzBuNENqZ2p2blNZUFRaYUtCZlRuUT09&extid=M0MyOWZiVmdVK2FyZXRRbjJSQ1p5Zz09
   5 ,https://www.rera.mp.gov.in/view_project_details.php?id=eHpSanp6RHJ4cXZqdEp1dnVML2Rwdz09&extid=ZGVpWGliRUhOT2VEOHExK1BTdm55QT09
   5 ,https://www.rera.mp.gov.in/view_project_details.php?id=RXhxSUdwNnErb2JEd041NEJpUUxYUT09&extid=TFNJaEJCdzA4bG1lRDRYZE13Y2l4QT09
   5 ,https://www.rera.mp.gov.in/view_project_details.php?id=ZmJOaU9WcllGWXl0MWxwQzl6blRiZz09&extid=YzNsK0tLNDZZUHZYeDBJSVVGdVRwQT09
   5 ,https://www.rera.mp.gov.in/view_project_details.php?id=SkR3YU5OaHYvYkxJdTRFV1RtR1lNQT09&extid=ZVBXWHlrZnJ4ZGdlV01rckxjZEJ0QT09
   5 ,https://www.rera.mp.gov.in/view_project_details.php?id=VTQyTENiR0hVUXltelg5SW91SmdtUT09&extid=ZEZkVlJIMnE3SVJrYVZEdDVhMlNrQT09
   5 ,https://www.rera.mp.gov.in/view_project_details.php?id=TnVHTVdOZWxzSVJvdkpLNzB2VTI0dz09&extid=TXM2SEtwRURFYlZGZUo0K2lscGdrUT09
   5 ,https://www.rera.mp.gov.in/view_project_details.php?id=Umt1dGZRcFRBc3RQaGIyK1d5VHVoUT09&extid=TGdkaVNqOFhVb21SM2plRlliaHo5QT09
   5 ,https://www.rera.mp.gov.in/view_project_details.php?id=T011L1dWYkY0d3RTZDY2dVVrcWk4QT09&extid=clgwNDNiay9VSXE3WE1zQkUxMGo2QT09
   5 ,https://www.rera.mp.gov.in/view_project_details.php?id=RDJVcXhCbmpQcFpTUURsSjNweGlHZz09&extid=QmpEMXA4dzBnWGo1V0VSOGpIY1d3Zz09
   5 ,https://www.rera.mp.gov.in/view_project_details.php?id=YzJrUksvcFdYdGFRaUplZklrRjFRUT09&extid=R1VpY1VySGF4aUNabzRmaGg1SVhYQT09
   5 ,https://www.rera.mp.gov.in/view_project_details.php?id=RjVabStVbnV4Qm5QZDV6R1V3MTZwQT09
   5 ,https://www.rera.mp.gov.in/view_project_details.php?id=N3Z6aXNTNzl1VWwwZU1pUUh2Y0RaUT09&extid=OU5DQW1mSTdUV1lFNDRjYWxvRnpMZz09
   5 ,https://www.rera.mp.gov.in/view_project_details.php?id=TUx3V2g4Z1BBdHU2N1VkaCthVy9lQT09&extid=TWpxdDRZVFJqUnd1RFJ1WWE0RTIyUT09
   5 ,https://www.rera.mp.gov.in/view_project_details.php?id=eXYyZTVrQVZIdXBhN09hdHFSZTRJZz09&extid=bUJZeDJFT2dFR0UyUEpkZUdMOXkvZz09
   5 ,https://www.rera.mp.gov.in/view_project_details.php?id=VDB5RkdVRXBqT2lxc2k0L0FsYUxDdz09&extid=UDl5NUdJRlNrcXpJQTJoY2JQNDV4UT09
   5 ,https://www.rera.mp.gov.in/view_project_details.php?id=YkMvVmhSbXgxc0I3Z1JMby80Y3ZzQT09&extid=SlVmaVo0MzVnbDA3VG5oZWM4Rk9Gdz09
   5 ,https://www.rera.mp.gov.in/view_project_details.php?id=Y2wwbWdXMVpBZk9tQ3VNWlBYQ1BvQT09&extid=KzlKaUl1MTVBRVFRamlZNU5xZE1Ldz09
   5 ,https://www.rera.mp.gov.in/view_project_details.php?id=ejRMVHVLY0JQRGtiSmk3SzBYWWhkQT09&extid=UXUwQ3RSL2V1T0sxK1Q3TVZVem45UT09
   5 ,https://www.rera.mp.gov.in/view_project_details.php?id=VEM5R05uOXlTTWZHeVp5aUtOV2NaZz09&extid=VDFxQmZYa0gxakpvZ2RXSisvQzBHZz09
   5 ,https://www.rera.mp.gov.in/view_project_details.php?id=dTJMendWUCtPZlA1amlIeTZtZFpHQT09&extid=WkhPUlVDQ0h3M0h0bURJRTd5Qi9kUT09
   5 ,https://www.rera.mp.gov.in/view_project_details.php?id=TE1YWWpyKytnNGk5N2tyZUtmUk1xQT09&extid=NVdrOHBQZGVSL0xDMUZZdjRvT2pPQT09
   5 ,https://www.rera.mp.gov.in/view_project_details.php?id=QnVhODBjdkt2M0Fxb2NWTlJNcjdLUT09&extid=cVhCR0FxbmNFWTg3THlvc2xuYTBtZz09
   5 ,https://www.rera.mp.gov.in/view_project_details.php?id=TkVWYXM3RDQyQlExeEZkQWwvQzJHZz09&extid=VU5vZ2tkUTdVY2VhdlFhOExBNkJZUT09
   5 ,https://www.rera.mp.gov.in/view_project_details.php?id=bTFBNzBWS1BSWS9XeWkxanFFblh3Zz09&extid=R1ZodXVXdzhUazFwMHN6OEQ1TUZwZz09
   5 ,https://www.rera.mp.gov.in/view_project_details.php?id=Ujl1N2ZEc2EwOVpQbGdHczNNN045dz09&extid=d1Evc3g3U2J3SHpXeGw3OWkveEFSUT09
   5 ,https://www.rera.mp.gov.in/view_project_details.php?id=TTdRR0NlQWxUWjU0WnlIUkdkV2YrQT09&extid=Y1ZNdzljWHBWOEVsWEZidURqQ2kyZz09
   5 ,https://www.rera.mp.gov.in/view_project_details.php?id=UUZqVEZQajh4QTQrK09SendXUm5HZz09&extid=bGI5YnhwWW9UQWlaam1sY2IxSElIQT09
   5 ,https://www.rera.mp.gov.in/view_project_details.php?id=cEh0T21WN05NTStjakYxVlFJWWNCZz09&extid=RUZxcFZUVmQvYXpQVzBlY2lNb3d1UT09
   5 ,https://www.rera.mp.gov.in/view_project_details.php?id=alNUVGZQNjk3T3FJY3RFK3JVV1lJUT09&extid=VFNRVGdzdlRjZEZybFBEMWFneGVYdz09
   5 ,https://www.rera.mp.gov.in/view_project_details.php?id=NXR1TFM1Q1NXOFRyVkdKU3paNWJOUT09&extid=NVdCenh5MFFlUXNhKzc2RXZhVEFsQT09
   5 ,https://www.rera.mp.gov.in/view_project_details.php?id=WHpVS2FOWHBmWlA4cUpwbC9WdTF0UT09&extid=Z1NTMTg2Vzl3SXZLcWMreE5CbS9jZz09
   5 ,https://www.rera.mp.gov.in/view_project_details.php?id=anpxOTRWOGxJaWVCQkdhS29zNEE5UT09&extid=b3pWT0lPTUp4YkRwU1Q5bzFKMXd5QT09
   5 ,https://www.rera.mp.gov.in/view_project_details.php?id=dHVVcmpHRDc2K295QlkvV01abmpjUT09&extid=UE1iVTdrNUppTlA5Z1BSejdISHVLUT09
   5 ,https://www.rera.mp.gov.in/view_project_details.php?id=a25nclpSeXVEcVk5NFFmRTd4NFFyUT09&extid=ZEh3bVJqWDUrNGFEVkVhOEROVHRUZz09
   6 ,https://www.rera.mp.gov.in/view_project_details.php?id=SVo1SCthL0pJYUpqcThxSTB6T3N0UT09&extid=Q2gyd0VDWjNEZW5RbksybCswQnFJZz09
   6 ,https://www.rera.mp.gov.in/view_project_details.php?id=akMrRVdkVmNQZC9Sc2I3VzcxU1NMQT09&extid=NWd4UlZHMTRtSlJYeFJoOEFXR0ZkQT09
   6 ,https://www.rera.mp.gov.in/view_project_details.php?id=ZUNpY0RHek5PdXc1UkV2bXc3bkgyZz09&extid=TUYxd2NXckdsS3Fib2xiNjFBVjhRQT09
   6 ,https://www.rera.mp.gov.in/view_project_details.php?id=SVVYTXVOdmlqUUpyNHVZR1hQbzN3Zz09&extid=bE8zaUkwUlBCZWhjdXY4SmErQkJwZz09
   6 ,https://www.rera.mp.gov.in/view_project_details.php?id=SzJOTXZHc1g3UmV5OEdLUXp2SWE2QT09&extid=VXYwTk9QMlp0VURzZE1yam0xVlF3UT09
   6 ,https://www.rera.mp.gov.in/view_project_details.php?id=aDNJd1dZaHc5QUgyeTJIejBkSU90QT09&extid=MG1uOGNQcnpFb1laK0xPbG1LU3R6Zz09
   6 ,https://www.rera.mp.gov.in/view_project_details.php?id=VUpYc2ZxaWJMUnZOeWFZZHFXaUtHZz09&extid=dHpBM2dMU2pMNDRKZ3IrelJ4ZlZydz09
   6 ,https://www.rera.mp.gov.in/view_project_details.php?id=aWQ4WXRJTFFxODhOR2UxS1IxZ1czUT09&extid=REg5dDRCajQ2QksvZEJYK0lzK0Z1dz09
   6 ,https://www.rera.mp.gov.in/view_project_details.php?id=OHBrTjIrbktQMEhVaS8xQUlTUWlHQT09&extid=TWdwamtGVGVROGttWW5oR2NBQ0x1QT09
   6 ,https://www.rera.mp.gov.in/view_project_details.php?id=SWlxektrd21EUzNXNHpXaWlobmNjQT09&extid=TkgrQmY5azdsOGdXWmJ5RmR4a1NSdz09
   6 ,https://www.rera.mp.gov.in/view_project_details.php?id=MERKRHVQZUY0VlJDVURRNEpHakwxdz09&extid=Z2Jram5CV2F2SzVjVWtDaDB2RnBXdz09
   6 ,https://www.rera.mp.gov.in/view_project_details.php?id=SjltL2h0bzVrRVBFQUFMV1hyZHVJQT09&extid=REhza3JnYjdLcnUvMzVnZWQwRU40Zz09
   6 ,https://www.rera.mp.gov.in/view_project_details.php?id=UGZ4Z3ZJaEt2VDZ5ZDZYbGh4aUdCUT09&extid=dTRNbVFSekJpTGRYQXVyZlZoVU5Vdz09
   6 ,https://www.rera.mp.gov.in/view_project_details.php?id=alIzT01oQis0WnZLWVpucW8rekZJQT09&extid=L3IxWllGVTdkZFZqTkk3S0s5ejlDZz09
   6 ,https://www.rera.mp.gov.in/view_project_details.php?id=NXdUenVsN3hCanJCaThDMzltMVlOZz09&extid=VlhJbndkVlVpeE5VVUN1NmdZMU93dz09
   6 ,https://www.rera.mp.gov.in/view_project_details.php?id=cmtkR3ZoMW9FQU14OEdVU28rOGVRZz09&extid=b1l0bDFuUXlWL1FlTWNKZkZMN1NqUT09
   6 ,https://www.rera.mp.gov.in/view_project_details.php?id=RDlUZm1YcjVucStkbGYzQ21TeDI3dz09&extid=bFBYRHBrRlc2eTc2UFp5MjJ5dExQZz09
   6 ,https://www.rera.mp.gov.in/view_project_details.php?id=emVzMXJRQlFDNmFhRFFhT2szeHV3QT09&extid=NzdSLzZDNGRSeVV1ZEIvOWRmY2hidz09
   6 ,https://www.rera.mp.gov.in/view_project_details.php?id=UW10TEZUOUpUTStRbThYd0F2THpoZz09&extid=ajBJQWI0ZUQySVlPQlEzSWkyL1loUT09
   6 ,https://www.rera.mp.gov.in/view_project_details.php?id=aEd4YmFyV1ZsQ2ZVajJUUG43eFpkdz09&extid=NTVISXhXaTVjVmdrVmxORS9TRzRIQT09
   6 ,https://www.rera.mp.gov.in/view_project_details.php?id=Qm1GYThzMGVhWVZzcmNJZ2s3UWIxUT09&extid=d1FJTnkzdHlJMytDNTExZTkzM0JtZz09
   6 ,https://www.rera.mp.gov.in/view_project_details.php?id=THhjR2hQODBwQ3NkQnRWcUwySHdqdz09&extid=dW0yZk5vbERWMnpyQytYYytuTDFWZz09
   6 ,https://www.rera.mp.gov.in/view_project_details.php?id=N0pIQnZDQlAvTXNNZlFuMzRKOXlOUT09&extid=ZWR0VGhQTHJVbllIWjUvcENJcFdndz09
   6 ,https://www.rera.mp.gov.in/view_project_details.php?id=azM5cnR2MUo0ZG9COWw1bGtmRSs2Zz09&extid=UkMydjFVKzF3WDQ3bktsWVFkN1ZHdz09
   6 ,https://www.rera.mp.gov.in/view_project_details.php?id=K1pvTFRtNk9vL3RQNmdZT1krTkg1Zz09
   6 ,https://www.rera.mp.gov.in/view_project_details.php?id=Y0NiQm9DeU1BeDJsMk1icFcvMHgzZz09
   6 ,https://www.rera.mp.gov.in/view_project_details.php?id=Mlk1Z25aZG93R2tCTHFLRHM3NFpsdz09&extid=eXZGc0FHcUVOZW12d2E2Y012MFhXQT09
   6 ,https://www.rera.mp.gov.in/view_project_details.php?id=UzlRRm1henJXcTF2Mi83NWhNVjk0Zz09
   6 ,https://www.rera.mp.gov.in/view_project_details.php?id=SCs2a0tMNm5ORjNRajVYbm9hUDBOQT09
   6 ,https://www.rera.mp.gov.in/view_project_details.php?id=K1R6em5LTFNKRGFETXJVdWd1WmZXdz09
   6 ,https://www.rera.mp.gov.in/view_project_details.php?id=eGxWY2d5OU4waGRvVmM4UE5CNTlhZz09
   6 ,https://www.rera.mp.gov.in/view_project_details.php?id=WjBUWUQ4LzhnZ0p5UEUrYzZCY2FrZz09
   6 ,https://www.rera.mp.gov.in/view_project_details.php?id=QXFGb2Q1SGJXTjRmVk0vbndGY2JzUT09
   6 ,https://www.rera.mp.gov.in/view_project_details.php?id=dVRmU3VBa2w0OUF1YUtWTnJ6ZDNSUT09
   6 ,https://www.rera.mp.gov.in/view_project_details.php?id=dFF5UDRQbWh4d3VoZGw3bkZHMU1GQT09
   6 ,https://www.rera.mp.gov.in/view_project_details.php?id=amhBaTV0QzdaakN2QjQ4TTVGOE5wUT09
   6 ,https://www.rera.mp.gov.in/view_project_details.php?id=WE1semgxS2NhRFM5c3JXWVFBOGxkZz09
   6 ,https://www.rera.mp.gov.in/view_project_details.php?id=cTFVQkIvWHluV1k3elJXY3daR0ZFdz09&extid=Z0xaWGJ2QmdPMERhYnZPdkp4ajdPZz09
   6 ,https://www.rera.mp.gov.in/view_project_details.php?id=eE80cldRYmlIcnVUK24wNHhyNUhDZz09&extid=Z3NDVGp4ai9mRUIyTEkyQTNNNlExZz09
   6 ,https://www.rera.mp.gov.in/view_project_details.php?id=OVgyTnREOTlPdEdRa1ZMTnVOdU4zZz09&extid=TCs4MVlpbm50ZEIrVWFGbzRJRjJEQT09
   6 ,https://www.rera.mp.gov.in/view_project_details.php?id=RmNhRkdmUHBBRnkyZmxOcm5hL1E5Zz09&extid=aWRZaG0rV25xbVVuL1RQZG1mNW5DQT09
   6 ,https://www.rera.mp.gov.in/view_project_details.php?id=dHhZbDIyVFQrdmZTM2RndHc4NSszUT09
   6 ,https://www.rera.mp.gov.in/view_project_details.php?id=YWZoQUxMcjBLSE9mWlh1bVJSVXFrUT09&extid=cGpKdnlhQ0x5ZlBJSFlvb0lqWndOQT09
   6 ,https://www.rera.mp.gov.in/view_project_details.php?id=d2d6QUpxQmRxd0NzSmJRWlJPRUV3QT09&extid=Y3FodWFuTk1ET1hscmFxd2Nrd0xIQT09
   6 ,https://www.rera.mp.gov.in/view_project_details.php?id=clNLcEFlTGZ5VW1OcTFDM1FPWTdoZz09&extid=WEFReGxLenlDMDN5bTROYjY3UTlqQT09
   6 ,https://www.rera.mp.gov.in/view_project_details.php?id=bnk1WjlKVGdZZGZPK3UzRm1QMlBrZz09
   6 ,https://www.rera.mp.gov.in/view_project_details.php?id=N2VpTVdUNjh4ZE8rYjR1UG9EZUtWZz09&extid=a0J1REFhRU1qYWdjZWd2V1ZxakZ6Zz09
   6 ,https://www.rera.mp.gov.in/view_project_details.php?id=ckhSQzRCTEZadFFYQWk5QitTRm4zUT09
   6 ,https://www.rera.mp.gov.in/view_project_details.php?id=ai9DU0lBNmppaWM1Q3F1R0RicUFodz09
   6 ,https://www.rera.mp.gov.in/view_project_details.php?id=R25FNm1NOUFLNSsvTnE2Z2hnMlREUT09
   6 ,https://www.rera.mp.gov.in/view_project_details.php?id=elpZUUdpL20zOUJ6aXhxK0pYSElMUT09&extid=MURjWnBycHRvRmlJODNTRit5ZFJQdz09
   6 ,https://www.rera.mp.gov.in/view_project_details.php?id=QjA4dFMyUHpRdXo3bHJNbHdWVDZxdz09
   6 ,https://www.rera.mp.gov.in/view_project_details.php?id=KzRhMHhNb1EvQmV3OG5vTWF0b3Fmdz09&extid=NmREMDFmM3JmZjJPL1J5dFNlT1pHZz09
   6 ,https://www.rera.mp.gov.in/view_project_details.php?id=bDkyN0JXYU4wc0lrZzdQMExYRzVQQT09
   6 ,https://www.rera.mp.gov.in/view_project_details.php?id=OWZHeVFYSXFBd3pkelByTXBXLzRiUT09
   6 ,https://www.rera.mp.gov.in/view_project_details.php?id=UFBoM213OHdBUTh4b01kWjdPZ1RPUT09
   6 ,https://www.rera.mp.gov.in/view_project_details.php?id=K04wNW1WQmdBUUxuVks0N0ZjMk5Wdz09&extid=NzRlYUxmTlZhR1dseVN1U1dwRG8ydz09
   6 ,https://www.rera.mp.gov.in/view_project_details.php?id=dUdxTC9mM25xL09wbzdzTVJKRFEvZz09
   6 ,https://www.rera.mp.gov.in/view_project_details.php?id=VFVDV1A4bU8rNTdpMk84bHJQdG1mdz09
   6 ,https://www.rera.mp.gov.in/view_project_details.php?id=UTVpYTV1N1pPYmViKzZweEJzUndzUT09
   6 ,https://www.rera.mp.gov.in/view_project_details.php?id=UWxaSk14TTYyMkt2N2FmYUdjUnExZz09
   6 ,https://www.rera.mp.gov.in/view_project_details.php?id=SThkdVFrZGtLdFhmN2RhN3lJVXluQT09
   6 ,https://www.rera.mp.gov.in/view_project_details.php?id=dVJveWRzQ0RCNVl1K1lPclB2MDVPUT09
   6 ,https://www.rera.mp.gov.in/view_project_details.php?id=bnVnSFZLVXh6dEQrR1NJQlZBM0l4QT09&extid=TWh5VjdsRExUdHZZdjZjRmx4azNXUT09
   6 ,https://www.rera.mp.gov.in/view_project_details.php?id=ZjdYZEZ0MjNyQUN6OTZRM0pucllyZz09
   6 ,https://www.rera.mp.gov.in/view_project_details.php?id=TXROZFJTekx6NXZjMEd1QzVwalNvQT09
   6 ,https://www.rera.mp.gov.in/view_project_details.php?id=RVZPV1FCZDhrNUE0Ti81WSt2ZUd0QT09
   6 ,https://www.rera.mp.gov.in/view_project_details.php?id=YWdPU25SM1dYV1hYZDFkTk5nZmVoUT09
   6 ,https://www.rera.mp.gov.in/view_project_details.php?id=MFlGMHIxS3k2elloL3B4OUF6bUFRUT09
   6 ,https://www.rera.mp.gov.in/view_project_details.php?id=cmVxb1QxeEVrVWhxb2lOeDVjY3NxZz09&extid=VlFQZGZqMEFwNjBhT1lnSHlEQnJwUT09
   6 ,https://www.rera.mp.gov.in/view_project_details.php?id=Y2ord20yR0IxaGFpbElhZW5KU3R5dz09&extid=MVpyazdqVnNTcU5jN0pYU09vVnVTdz09
   6 ,https://www.rera.mp.gov.in/view_project_details.php?id=eVNESXdtem1iTnBXK1NGV1JjNGxKQT09&extid=bi9iUlNIY08rRkVWb1JaUERxSlJzZz09
   6 ,https://www.rera.mp.gov.in/view_project_details.php?id=VzZ6TC9uMVJISitWVHpuMXVVdFdZdz09
   6 ,https://www.rera.mp.gov.in/view_project_details.php?id=SEpjckUzendJUGxHQjlCNlF0RFQydz09
   6 ,https://www.rera.mp.gov.in/view_project_details.php?id=VmFkeEhXendqb1lGbWtTYUp3QWxRZz09
   6 ,https://www.rera.mp.gov.in/view_project_details.php?id=MTdBR0puUFRuWDgwL0tjemY3YkgrZz09&extid=WjNjUVJObHRKTXNpazBUMEkydGk4QT09
   6 ,https://www.rera.mp.gov.in/view_project_details.php?id=cm9nUVB5dUw3R1BkRDllaGtxUVpRUT09
   6 ,https://www.rera.mp.gov.in/view_project_details.php?id=T0VINWRMVkhQRmZJWFpiVU1wdGpQUT09
   6 ,https://www.rera.mp.gov.in/view_project_details.php?id=MkoxdlpyMklzZ3o0bjBJVndYWFRhdz09
   6 ,https://www.rera.mp.gov.in/view_project_details.php?id=MHpFZGp0R1JnRFhGSS9LZUVqOU5xQT09
   6 ,https://www.rera.mp.gov.in/view_project_details.php?id=eHRuZVBRQUtYdnBRN3RtVzNRRzcxZz09
   6 ,https://www.rera.mp.gov.in/view_project_details.php?id=NVk3VDdpTDBPd2lzTWtMd0dJU0Fadz09&extid=V2VKcldzSXVSamlrbW5YTENqaTYzZz09
   6 ,https://www.rera.mp.gov.in/view_project_details.php?id=UmtFeG8zRDA2OTI3MDZLdFh5QlQ5QT09&extid=NitlK3R4Q25veWt2MDlFVHdua0lJZz09
   6 ,https://www.rera.mp.gov.in/view_project_details.php?id=TzFuSmZSMkx4aHpmbnJkSHBGM0J2QT09
   6 ,https://www.rera.mp.gov.in/view_project_details.php?id=TVJVZTlETGhOSFBUeldteW85djdHdz09&extid=SGpUTDk0eHd0MWhIV1duWUlKZWVPdz09
   6 ,https://www.rera.mp.gov.in/view_project_details.php?id=VUVSbjBveTN3cGZsMG1tb0ltQ0N4QT09&extid=b3RpNzh4SUdIRUZDSFBya0hDLzBIQT09
   6 ,https://www.rera.mp.gov.in/view_project_details.php?id=aHhFRFJhQzkxMkhPR2xPMWtuRXFCQT09&extid=M3V1d0YrVE9iL2tVdWdlTm1JODQxdz09
   6 ,https://www.rera.mp.gov.in/view_project_details.php?id=dHNXZjhqQTJXMGRWYUZrWmVnNWRYQT09
   6 ,https://www.rera.mp.gov.in/view_project_details.php?id=K0RNT3pPbVdDQ0RIamdld0ZZK00zQT09
   6 ,https://www.rera.mp.gov.in/view_project_details.php?id=THZOTUErUldtK1dTNU9EK0ZjYTZzUT09&extid=WkJOK0lUSDZrRnNCbG9ySkZwSFVuQT09
   6 ,https://www.rera.mp.gov.in/view_project_details.php?id=YWZBZGFZQ01jTFRvZlZFTzl5Y0pZQT09&extid=VzRxbmZkME9YV3NEd3lGU044RDVFUT09
   6 ,https://www.rera.mp.gov.in/view_project_details.php?id=cHd2dWJPR2l3bTVBcFVtUmdVc0tPQT09&extid=V0E5K2xEQnZZNFp2Tkp6N1JEeC84UT09
   6 ,https://www.rera.mp.gov.in/view_project_details.php?id=K3lvR29lQmtpVFFuSWo2OXJlRTVUdz09
   6 ,https://www.rera.mp.gov.in/view_project_details.php?id=eENPS0svRjF0TFZqd1NSM0xaQUs3Zz09
   6 ,https://www.rera.mp.gov.in/view_project_details.php?id=cHNPUHJNVHJVWkxFZ3hrY0QxWG1oZz09
   6 ,https://www.rera.mp.gov.in/view_project_details.php?id=UUJvRisxVC9xYWFZOTFRalNHUTVndz09&extid=dFhGOVJ0cVNUUW1BN1dIaDQ4dXNzdz09
   6 ,https://www.rera.mp.gov.in/view_project_details.php?id=cWUzUWhEMitPKzV3dnNsS1pkYU9jZz09&extid=TVdkeUhHUTFYQUtMR3plaUp2cU9XQT09
   6 ,https://www.rera.mp.gov.in/view_project_details.php?id=K01zbkdoTVdqMWgrcFZQOTE4MnFmQT09
   6 ,https://www.rera.mp.gov.in/view_project_details.php?id=TzlZanhIOXM5S3BZTGp0T2dEcUIwdz09
   6 ,https://www.rera.mp.gov.in/view_project_details.php?id=cGpkYkFGOGIvN0FESGcra3Foa1BlZz09
   7 ,https://www.rera.mp.gov.in/view_project_details.php?id=UXR2Y25KeDVzaDVDN1phajhuSk9rdz09
   7 ,https://www.rera.mp.gov.in/view_project_details.php?id=STdDNlZ1UlRUYldodFFzV28ySXFrQT09&extid=OEp3WjFaVWZ2TWxpTGRGdXgxU1JpZz09
   7 ,https://www.rera.mp.gov.in/view_project_details.php?id=Vngxb3FCWldzQks2M0pJOGM4WUFVQT09
   7 ,https://www.rera.mp.gov.in/view_project_details.php?id=OVA2cExsNjdCaFA2MVMwbmxPQ1lsdz09
   7 ,https://www.rera.mp.gov.in/view_project_details.php?id=TGxkbHlOM0tiY0ZpZTJlSncreFh5UT09
   7 ,https://www.rera.mp.gov.in/view_project_details.php?id=ZWtrK2J0bGpCeER1OEhBeG5DN0tDUT09
   7 ,https://www.rera.mp.gov.in/view_project_details.php?id=WUVVQkNTRVVGRUpJNllrMmMxZGpsZz09
   7 ,https://www.rera.mp.gov.in/view_project_details.php?id=d3pnYm5aZFE2MXhsSkJrcHlUaGlaZz09
   7 ,https://www.rera.mp.gov.in/view_project_details.php?id=MjhMTU5yZVh4b1dyWm1FSHh1bXV0Zz09&extid=OXdXVlY3MVMzRWxpdE94ZU9zRDhNZz09
   7 ,https://www.rera.mp.gov.in/view_project_details.php?id=cFB5WmpoWktFZk1sQzhzaDZnUjVBZz09
   7 ,https://www.rera.mp.gov.in/view_project_details.php?id=Ym90V1dsSnlvOGdLTGtwdWRXRlhqdz09&extid=cnVjQmNyY1R6aXdaRjk5b0VBcTBJZz09
   7 ,https://www.rera.mp.gov.in/view_project_details.php?id=a0tQeXJzMnRxVVdPZGJoUndLb3dzQT09
   7 ,https://www.rera.mp.gov.in/view_project_details.php?id=VlE3SkhWT2xMRjBGR2M0MzZZZ0EwQT09
   7 ,https://www.rera.mp.gov.in/view_project_details.php?id=dDlMM0w4elJ2NCsrRHBzS01wOHFRdz09
   7 ,https://www.rera.mp.gov.in/view_project_details.php?id=d3V3MHFTNkpibmJweTdxeG9zcVMvZz09&extid=bjdWSGZpckF0VTgzVm1JbDJsSXdJdz09
   7 ,https://www.rera.mp.gov.in/view_project_details.php?id=dWNCMnIwTVV5N3J4NVpQeGJZYjJmUT09&extid=Uld2WG9FRnVVeFFESmpoYXkrMWFpZz09
   7 ,https://www.rera.mp.gov.in/view_project_details.php?id=MjZ0V2hJNGozZXU5aENpUnM3NEJPdz09
   7 ,https://www.rera.mp.gov.in/view_project_details.php?id=UGNEbkwwaHBXUUxVckhNZGlQTjNQQT09
   7 ,https://www.rera.mp.gov.in/view_project_details.php?id=YWtFWjFlZm10V240RWZPcjJicFF3QT09
   7 ,https://www.rera.mp.gov.in/view_project_details.php?id=SEtBK0JGUnUyMUVOd3BaQUxXL2FMdz09
   7 ,https://www.rera.mp.gov.in/view_project_details.php?id=THVWQmxxS0ZXYmRzdjZYRi8yN21ndz09
   7 ,https://www.rera.mp.gov.in/view_project_details.php?id=cW9EWlJXaCt2VElKSk9USk1PRTlwdz09
   7 ,https://www.rera.mp.gov.in/view_project_details.php?id=YTNNaVNCbjFJWWFBTkphTnVyeGVMZz09
   7 ,https://www.rera.mp.gov.in/view_project_details.php?id=RldpVGNCVDdkNzdtbnczMmdQTmxQUT09
   7 ,https://www.rera.mp.gov.in/view_project_details.php?id=SEVRZkJWZmc5T201V09ldm01aUx6Zz09&extid=U1FkNkltaUVpVGlhM2Q1YlVrUkd1dz09
   7 ,https://www.rera.mp.gov.in/view_project_details.php?id=WjY5ZGZnZ1Jkb2N5R01zalFtRCt4UT09
   7 ,https://www.rera.mp.gov.in/view_project_details.php?id=a0ZOMEhwWjNzVnlsV0dWZ0c4dWk2QT09
   7 ,https://www.rera.mp.gov.in/view_project_details.php?id=Q3V3VDMrMHNwWVQ2bkgrdjkyaWZoZz09
   7 ,https://www.rera.mp.gov.in/view_project_details.php?id=ZjVNZzFVVFZadzgyMEhNdmJLODh0QT09&extid=M0cxeHlZRHlleGN3eWg4OFhocEFTUT09
   7 ,https://www.rera.mp.gov.in/view_project_details.php?id=ZmI4ZjBBRjlGTlY1WUhrSGhwNzhiZz09
   7 ,https://www.rera.mp.gov.in/view_project_details.php?id=azJudzJKTVRzMERTSWNhNUVORThvdz09
   7 ,https://www.rera.mp.gov.in/view_project_details.php?id=cDFKdzlTUnR1RHFmV2dVMkhsd08yUT09&extid=ZzBqSGVtMklGZ05SQWYrMFpNQ0hFdz09
   7 ,https://www.rera.mp.gov.in/view_project_details.php?id=NGgwaHQxTWk0cld6ZlQ1MDErNCtWZz09
   7 ,https://www.rera.mp.gov.in/view_project_details.php?id=V0FLTkZvOHVtc0RETVFnTDF0dEg3dz09&extid=UVFTVE9mek0yZHlSbnRlalpudUZpZz09
   7 ,https://www.rera.mp.gov.in/view_project_details.php?id=cmcvRjlobkZwMm5GSUthZ1ROY3lzUT09
   7 ,https://www.rera.mp.gov.in/view_project_details.php?id=SCtxNElrZ0xCeW1MK3dKdm1pTzd1Zz09
   7 ,https://www.rera.mp.gov.in/view_project_details.php?id=TEdNaHUzNVRLVjJpYzhkSmNkZnBZdz09
   7 ,https://www.rera.mp.gov.in/view_project_details.php?id=SzVZNkMxM056Y0gwRXlPZnpFdCtOdz09
   7 ,https://www.rera.mp.gov.in/view_project_details.php?id=eUVnM1FzL2JCWnZiYkcvRkpFVmRZZz09
   7 ,https://www.rera.mp.gov.in/view_project_details.php?id=UGV4Z2Fad3lndTNMSFM3VktZKzlmQT09
   7 ,https://www.rera.mp.gov.in/view_project_details.php?id=Z3pnallFYUd4ellMUDB5b2FRQStwZz09
   7 ,https://www.rera.mp.gov.in/view_project_details.php?id=R3VpUDQxMElBQXhtalpIUVIwY2tBQT09
   7 ,https://www.rera.mp.gov.in/view_project_details.php?id=VXIrZzZtUFZFWm51WTNkOGFDMitrQT09&extid=dkRmQmtuZVU0Yit1S1MvdkZrWnBvUT09
   7 ,https://www.rera.mp.gov.in/view_project_details.php?id=Q21mbk0vaFZNQVhhZHhTQmpJUVcydz09
   7 ,https://www.rera.mp.gov.in/view_project_details.php?id=QWNMUDQ5U3pWSWRsa2NLMnhySy95UT09
   7 ,https://www.rera.mp.gov.in/view_project_details.php?id=TkY1Y3FBZHUrL1poWmhIVWJ2TWIyUT09
   7 ,https://www.rera.mp.gov.in/view_project_details.php?id=Wis3T09ZcTV1TVRFZDhJL1dLMFlkdz09
   7 ,https://www.rera.mp.gov.in/view_project_details.php?id=UDJiYm81Lzh2Z25yS3Q3MHdHbmFVUT09
   7 ,https://www.rera.mp.gov.in/view_project_details.php?id=MWo5Nml2dFMxaE1yd0tKQjJRS1lrdz09
   7 ,https://www.rera.mp.gov.in/view_project_details.php?id=djZJcFN6dW5iTVM4RmdEa290TEdJdz09&extid=RE14dTlaTFNOMjQ3TWo3bWtjcWxuUT09
   7 ,https://www.rera.mp.gov.in/view_project_details.php?id=TVgvRkhxY3Fsbk95MUZHNjliajZVZz09
   7 ,https://www.rera.mp.gov.in/view_project_details.php?id=N0FScnUzbUdHYlAvV25IbDZoWWExdz09
   7 ,https://www.rera.mp.gov.in/view_project_details.php?id=L0xRbjJLWXJIcGJqTnl6M0s0anhNZz09
   7 ,https://www.rera.mp.gov.in/view_project_details.php?id=aWprdkVUbWxuTTNNalZyTWtzZXFKUT09
   7 ,https://www.rera.mp.gov.in/view_project_details.php?id=NVRYUWF1aWpaUjFEVGVWcU10Y1lkZz09
   7 ,https://www.rera.mp.gov.in/view_project_details.php?id=dUFvUGsrdkp5SjZQbWs4TlZtbkVaQT09
   7 ,https://www.rera.mp.gov.in/view_project_details.php?id=cGY3UkdsNkRwY3V1ODZxalViSC9OQT09
   7 ,https://www.rera.mp.gov.in/view_project_details.php?id=TGpnMXBnMnVVaVFiSEVOejJ0MWx6Zz09
   7 ,https://www.rera.mp.gov.in/view_project_details.php?id=YzZ2V3luY0JtTlRlU016TGNOMURYUT09
   7 ,https://www.rera.mp.gov.in/view_project_details.php?id=dmgwOWRBZ0dqQ2N1eEZjZ215ZC8yZz09
   7 ,https://www.rera.mp.gov.in/view_project_details.php?id=Q0RmTGVTSmVtSkIwbVBzdzBLZGVSdz09&extid=ajV0YTlHbUVpZThkM3dEQnRQRDhNdz09
   7 ,https://www.rera.mp.gov.in/view_project_details.php?id=b0pPZWlmelRWRUlUaWMzaDVYYitTUT09
   7 ,https://www.rera.mp.gov.in/view_project_details.php?id=SzZnZDdxbEhhUTRvNFJlai9yY1hrZz09
   7 ,https://www.rera.mp.gov.in/view_project_details.php?id=L0RERmt6UVhGelhZQUpqNUQ2bjV4QT09
   7 ,https://www.rera.mp.gov.in/view_project_details.php?id=SmZsdnZ5YTA3ZUVUalovSkMzWlBkUT09&extid=U09MVTdKczVUbEtvMmRQVEVLd2NTQT09
   7 ,https://www.rera.mp.gov.in/view_project_details.php?id=NWIzMzVURE9TQVFVdGNFYkxrT0srUT09&extid=Y2hWSXU0bHZkb2hCTGJ1bTRJKzBIdz09
   7 ,https://www.rera.mp.gov.in/view_project_details.php?id=Q3RwMXF0YWk3QmlaNmQ0V3g3OHIrUT09
   7 ,https://www.rera.mp.gov.in/view_project_details.php?id=azNzc08zYjlFc0JWb3Q1UVh6eFExUT09
   7 ,https://www.rera.mp.gov.in/view_project_details.php?id=ZzNkZ1dxTXdza0ltUFMwV3Y0d2kvZz09
   7 ,https://www.rera.mp.gov.in/view_project_details.php?id=SEFmZ01xTGo0MU5ydTR2V0QrdFV3QT09
   7 ,https://www.rera.mp.gov.in/view_project_details.php?id=WWNFaHlRNDlZQ3NRa29WUlpKVU9Tdz09
   7 ,https://www.rera.mp.gov.in/view_project_details.php?id=b0E0Y1ErU0V3eEdhcVpyZUdCdTl1dz09
   7 ,https://www.rera.mp.gov.in/view_project_details.php?id=N3IzcXpHekYzTjA5Nkg1WFpBTGhiUT09
   7 ,https://www.rera.mp.gov.in/view_project_details.php?id=anBQelJrbWtLYU8yRENScjduUDc3Zz09
   7 ,https://www.rera.mp.gov.in/view_project_details.php?id=MUtVYVNvOVRhbFdJRzFOZ25CRmw2UT09
   7 ,https://www.rera.mp.gov.in/view_project_details.php?id=SXdadldGWEFyV1pONGppcE1VYkFuQT09
   7 ,https://www.rera.mp.gov.in/view_project_details.php?id=NnNhc1dMREgxd1RFK21MSzVYUTVnQT09
   7 ,https://www.rera.mp.gov.in/view_project_details.php?id=T0xvZ0Vvc2ZLTHo3djkyWmlWU21mQT09
   7 ,https://www.rera.mp.gov.in/view_project_details.php?id=eGJ5UlZ0RFRlQVI0dE95eEdINjZ1Zz09
   7 ,https://www.rera.mp.gov.in/view_project_details.php?id=RllSYXN1aEt6YXBDUzJ5ZVBlT2dJZz09
   7 ,https://www.rera.mp.gov.in/view_project_details.php?id=YUpXbm9iRDQwTjFXZVhOMlJPT3ZPdz09
   7 ,https://www.rera.mp.gov.in/view_project_details.php?id=UnVJOFkzbzVMbVV1YjNMUzE5aHFZQT09
   7 ,https://www.rera.mp.gov.in/view_project_details.php?id=N1BtV010T1lnL1FqRXhmc0Z4ZHpiUT09
   7 ,https://www.rera.mp.gov.in/view_project_details.php?id=WUdpMkk2dXo0OEEzL2VsLzZlOVpSZz09
   7 ,https://www.rera.mp.gov.in/view_project_details.php?id=b2J4MHU1TXRIUENIMEFJSDJJVUJUUT09
   7 ,https://www.rera.mp.gov.in/view_project_details.php?id=L2RjUkthM0tYM0tYdkNHQkZuTGZaQT09
   7 ,https://www.rera.mp.gov.in/view_project_details.php?id=Q1hPK3poVjgramFLZFk3MG9PWElwUT09
   7 ,https://www.rera.mp.gov.in/view_project_details.php?id=ODdoWmRZemlJc1JEMW5Vc3RFN29HZz09&extid=UDJxUGRXZ3ZURWNxUUozL1VKd29PQT09
   7 ,https://www.rera.mp.gov.in/view_project_details.php?id=R1VYMmRtNGVBQjMrTHo4TXJ1MzZ2QT09
   7 ,https://www.rera.mp.gov.in/view_project_details.php?id=aGVsaXF3RTc1VWE2VEhTUnVHY1Jwdz09
   7 ,https://www.rera.mp.gov.in/view_project_details.php?id=OHF4VktDNzJBZjRhd0VDYzVNUGY4Zz09
   7 ,https://www.rera.mp.gov.in/view_project_details.php?id=enVRY0Zqcm5RNUJ0bVpRR0o5aVRyQT09
   7 ,https://www.rera.mp.gov.in/view_project_details.php?id=MjJuaGdteStEUFZIcGI1akNnMnErQT09
   7 ,https://www.rera.mp.gov.in/view_project_details.php?id=VVBMREtSZE02SEoxUm9rWFh3S0pCUT09
   7 ,https://www.rera.mp.gov.in/view_project_details.php?id=TDRlMmlQeDN2Q0pTVEdZZEk0U0dRdz09
   7 ,https://www.rera.mp.gov.in/view_project_details.php?id=TkZOVUtsbmdqcDlyTWNZTjZmaE13dz09
   7 ,https://www.rera.mp.gov.in/view_project_details.php?id=OWROc3dnZjBJbFd6V2syWVRwdVZZQT09&extid=dVl2dlF2YjFqVWhNNHgwTHo2V0RvZz09
   7 ,https://www.rera.mp.gov.in/view_project_details.php?id=U2I0bnQ5MnJnWlg5eGRORW1iaSs5QT09
   7 ,https://www.rera.mp.gov.in/view_project_details.php?id=MTVnRG1VRlZveVBTTTBIQ2UxOHcxQT09
   7 ,https://www.rera.mp.gov.in/view_project_details.php?id=U0xBRHBwMENwS3p6S3liNFB1OFFEZz09
   8 ,https://www.rera.mp.gov.in/view_project_details.php?id=WDhidXhXZGx5RnpXNTNrUVcrSVhwUT09
   8 ,https://www.rera.mp.gov.in/view_project_details.php?id=UFEvaVBkSjRqeGFYNWpHMVRKU292QT09
   8 ,https://www.rera.mp.gov.in/view_project_details.php?id=cUlWOUNhVHNqWHF2WU1pTXE5d3RlZz09
   8 ,https://www.rera.mp.gov.in/view_project_details.php?id=L2Fxenk3ZnBENUxVTnYwdXFvYmlWdz09
   8 ,https://www.rera.mp.gov.in/view_project_details.php?id=UlFBcmtWOEQvRkZ4bUhVM3JIbFRMUT09
   8 ,https://www.rera.mp.gov.in/view_project_details.php?id=Yk5yTFlEUStKUm5LZThvdlpiT1p0QT09
   8 ,https://www.rera.mp.gov.in/view_project_details.php?id=QkNjQzhWYU1KRkxoTGJ2RlVzbmhOQT09
   8 ,https://www.rera.mp.gov.in/view_project_details.php?id=VnhpM1NCQ2U1R0lxb1lCT2E5WThCUT09
   8 ,https://www.rera.mp.gov.in/view_project_details.php?id=RVBabmk3Ry8zcUJDQzhmTFhZNjVpQT09
   8 ,https://www.rera.mp.gov.in/view_project_details.php?id=UlVzVm0wbDZUdXVhWG5TQ3puZ21kQT09
   8 ,https://www.rera.mp.gov.in/view_project_details.php?id=bHAzZDZZVzFZOFRRMzBhUG1ua1hBUT09
   8 ,https://www.rera.mp.gov.in/view_project_details.php?id=ZkhVRGhndWZhVjV4ZkJEMHhMVGFrZz09
   8 ,https://www.rera.mp.gov.in/view_project_details.php?id=ZmxOZklTOXBrUkNnK0o5WmNldG1aZz09
   8 ,https://www.rera.mp.gov.in/view_project_details.php?id=TDEzMVl0cDJaT3hyTUpjZ2NmKzlIZz09
   8 ,https://www.rera.mp.gov.in/view_project_details.php?id=L2NFS0wybnFhMFppUVV3MVduMFpEZz09
   8 ,https://www.rera.mp.gov.in/view_project_details.php?id=MEc3eHhWVTlLU2xZK1lJemtsbnpBQT09
   8 ,https://www.rera.mp.gov.in/view_project_details.php?id=SG5PUXNXa1MvSUNITEJiMythQ2pYZz09
   8 ,https://www.rera.mp.gov.in/view_project_details.php?id=L0lzbkhjYStxNndaUGg0MHZpWkJqZz09
   8 ,https://www.rera.mp.gov.in/view_project_details.php?id=R0FqRWZNOUd1U1VuNHIzRVZjRlZLdz09
   8 ,https://www.rera.mp.gov.in/view_project_details.php?id=dlFvTEpCck9iQS9DSjByZ1JBTHJ6QT09
   8 ,https://www.rera.mp.gov.in/view_project_details.php?id=MGUxWmdmRWdNeXN1czBPVnNWUHlOZz09
   8 ,https://www.rera.mp.gov.in/view_project_details.php?id=T0E1RXlYcm5SVkJwelExM01QVHdCdz09
   8 ,https://www.rera.mp.gov.in/view_project_details.php?id=SGFEWXNsUnBzWGJ2Y2E4OEtHM21zdz09
   8 ,https://www.rera.mp.gov.in/view_project_details.php?id=NERKdWlJNmdxR3J4YjRtOTBlMlEyUT09
   8 ,https://www.rera.mp.gov.in/view_project_details.php?id=WVc5N2lpQjM1YnhyVitFOFl4ZHRFZz09
   8 ,https://www.rera.mp.gov.in/view_project_details.php?id=M2tkNmdQQ2Zpdms0ODhuV1RIWnZIUT09
   8 ,https://www.rera.mp.gov.in/view_project_details.php?id=dHhGREVEcXo4RGcvZFJhNGNJMzB2UT09
   8 ,https://www.rera.mp.gov.in/view_project_details.php?id=RnRDSWNJclJqcVlPbzNiYmUrS3dmQT09
   8 ,https://www.rera.mp.gov.in/view_project_details.php?id=SEw2ZDVWRzBUcjdMWXBqU09KS3Y3QT09
   8 ,https://www.rera.mp.gov.in/view_project_details.php?id=S25hY3ByVjZYRVNGVERkWUJ4Rmc1QT09
   8 ,https://www.rera.mp.gov.in/view_project_details.php?id=OTExMjhvcFZ5V1V3VDc3RjNERFRldz09
   8 ,https://www.rera.mp.gov.in/view_project_details.php?id=WXJOVm1ReGNVVm5KYnRYUW9rQW5idz09
   8 ,https://www.rera.mp.gov.in/view_project_details.php?id=SUtHNk9WZmR3NTFIRnJDR2hKYllFdz09
   8 ,https://www.rera.mp.gov.in/view_project_details.php?id=Sk8wMTlBRWFMOFJqb1JuUytlSDh0dz09
   8 ,https://www.rera.mp.gov.in/view_project_details.php?id=N0FTaHRtMldqbTFsc0RqVGw3YlUrdz09
