Project Name,Registration Number,Project Type,Contact Number,Contact Email,Estimated Cost of Construction (in lacs),Estimated Cost of Land (in lacs)
REGAL KALASH,P-BPL-17-019,Ongoing,9302358304,regal.kalash2010@gmail.com,465.00,1670.00
REGAL ZONE,P-BPL-17-020,Ongoing,9300951222,regal.zone2010@gmail.com,476.10,62.45
SURAJ CITY,P-BPL-17-024,Ongoing,9827064955,abhaysaxena910@gmail.com,334.66,307.46
SAGAR PEARL,P-BPL-17-025,Ongoing,9425040003,agrawalconstruction@rediffmail.com,2777.22,302.75
SOUMYA EVERGREEN PHASE-II,P-BPL-17-037,Ongoing,9981666323,sanjay.soumyahomes@gmail.com,59768490.00,5156928.00
GMV ANANTA PHASE I,P-BPL-17-038,Ongoing,9826045517,project@gmvindia.com,2586.72,
SAGAR LIFESTYLE TOWERS,P-BPL-17-043,Ongoing,7773004847,agrawalbuilders@thesagar.in,8125.00,700.63
PEBBLE BAY-PHASE-IV-PHASE-B,P-BPL-17-049,Ongoing,9826244806,ahplbpl@yahoo.com,355.20,116.34
FAITH IMPERIAL HEIGHT,P-BPL-17-051,Ongoing,9826723409,faithbuildbhopal@gmail.com,3500.00,130.00
PEBBLE BAY-PHASE-II-PHASE-A,P-BPL-17-055,Ongoing,9826244806,ahplbpl@yahoo.com,1332.00,368.00
GMV OLAAN C PHASE II,P-BPL-17-056,Ongoing,9826045517,project@gmvindia.com,1100.20,12.42
"RUCHI LIFESCAPES, BHOPAL",P-BPL-17-057,Ongoing,8827344463,rahul_singh@anikgroup.com,147.96,39.82
"CONSTRUCTION OF 384 EWS (STILT+3), 816 LIG (STILT+6), 18 SMALL SHOPS AND DEVELOPMENT WORK OF 6.67 HE",P-BPL-17-060,Ongoing,9406912010,eedn2hbbpl@mp.gov.in,11064.00,
GMV ANANTA 2,P-BPL-17-066,Ongoing,9826045517,project@gmvindia.com,0.01,
PARAS EMPEROR PHASE I,P-BPL-17-067,Ongoing,9826054143,info@paraslifestyles.com,0.07,0.01
LN TOWER,P-BPL-17-069,Ongoing,9826612260,tesla_rgupta@yahoo.co.in,250.00,400.00
"SHRI RADHA KRISHNA RESIDENCY, PHASE-II",P-BPL-17-070,Ongoing,9826343388,bhojpalbuilders@gmail.com,1043.96,428.46
KANHA TOWERS,P-BPL-17-075,Ongoing,9826056561,liliasonsinfrastructure@gmail.com,2925.00,31.74
DRISHTI CITY BLOCK -D,P-BPL-17-076,Ongoing,9303137170,drishtioffset@gmail.com,487.73,4.78
HILL-TECH DEVELOPERS,P-BPL-17-085,Ongoing,9893846892,abhay_saxena63@rediffmail.com,131.99,4.06
SHREE GOLDEN CITY PRIMA PHASE 3,P-BPL-17-088,Ongoing,9303130360,manish@shreebuilders.com,507.47,179.66
GOKULDHAM,P-BPL-17-092,Ongoing,9826380243,dwarkadham@yahoo.com,11265.00,881.85
THE ADDRESS PHASE 1,P-BPL-17-095,Ongoing,9329125872,sandeep@shreebuilder.com,711.27,198.43
SWAMI VIVEKANAND PARISAR KATARA HILLS (EXTENSION 5 ACRES),P-BPL-17-098,Ongoing,9406565263,info@bda.org.in,2654.25,400.00
VANSH TOWER 2,P-BPL-17-104,Ongoing,8959111142,ajaysingh2dec@gmail.com,184.25,41.36
RHYTHM PARK PHASE1,P-BPL-17-106,Ongoing,7354815577,krishnahomes98@gmail.com,1028.09,198.00
LILA ATULYAM PHASE 1,P-BPL-17-110,Ongoing,9755555256,jankari@liladevelopers.in,7100.00,
HIMANSHU SHEETAL TOWER,P-BPL-17-113,Ongoing,9826043891,HFMBHOPAL@YAHOO.COM,624.85,90.00
ULTIMATE SKY VILLAS PHASE-1,P-BPL-17-119,Ongoing,8770477154,pali@ultimateconstructions.com,276827317.00,60242445.00
SAHAJ SANGAM,P-BPL-17-129,Ongoing,9993303000,drbuilderbhopal@yahoo.com,5250.00,1525.00
ULTIMATE IMPERIAL VILLAS PHACE -2,P-BPL-17-133,Ongoing,9826056497,INFO@ULTIMATECONSTRUCTIONS.COM,173010638.00,136779282.00
WHISPERING PALMS EXTENSION,P-BPL-17-139,Ongoing,9827094884,sterling_builders@yahoo.in,243.93,335.74
GANESH GALAXY CITY,P-BPL-17-141,Ongoing,9630694981,ganeshgalaxycity@gmail.com,137355000.00,550000.00
SURENDRA MANIK PHACE -1.,P-BPL-17-145,Ongoing,9425012506,surendramanik2013@gmail.com,2502.98,3650.00
HIMANSHU GREENS PHASE 2,P-OTH-17-146,Ongoing,9826043891,HFMBHOPAL@YAHOO.COM,368.00,171.49
"CONSTRUCTION OF 12 EWS (P+3), 72 LIG (P+3) HOUSES, 5 SMALL SHOPS INCLUDING INTERNAL W/S, S/F, E/F AN",P-BRS-17-149,Ongoing,9425007813,eedn6hbbpl@mp.gov.in,706.13,
"KEELANDEV TOWERS (CONSTRUCTION OF 222 FLATS (BASEMENT+STILT+10 STORIES), I/C INTERNAL W/S, S/F, INTE",P-BPL-17-150,Ongoing,9425007813,eedn6hbbpl@mp.gov.in,6940.52,232.46
CI ESTATE,P-BPL-17-158,Ongoing,9893949498,cibuilders08@gmail.com,3718.01,2499.21
WESTERN COURTYARD - PHASE 2,P-BPL-17-163,Ongoing,9893028468,info@westerngroup.co.in,55900000.00,
FAITH RICHMONT HEIGHT,P-BPL-17-164,Ongoing,9826723409,faithbuildbhopal@gmail.com,503.00,221.00
LAKE PEARL SPRING PHASE-3,P-BPL-17-166,Ongoing,9826014898,wasiq40@yahoo.co.in,1088.47,25.18
PALACE ORCHARD V PHASE-2,P-BPL-17-168,Ongoing,9826030403,swadeshdb@yahoo.co.in,465.00,123.17
RAMAYAN SOUTH AVENUE PHASE I,P-BPL-17-173,Ongoing,9039059944,RAMAYANBUILDERS@GMAIL.COM,410.00,340.39
"PREMIER ORCHARD, PHASE-3 &AMP; 4",P-BPL-17-180,Ongoing,8889986662,jainabhishek.mail@gmail.com,2463.48,2084.22
SWASTIK GRAND PHASE II,P-BPL-17-181,Ongoing,9425017110,,1549.30,550.00
SHUBH EASTER,P-BPL-17-182,Ongoing,9981997004,sriombuilder@gmail.com,73125000.00,42500000.00
SILVER ESTATE VERTICA PHASE II,P-BPL-17-183,Ongoing,9826051759,neerajmacker@mackerrealventures.com,798.19,201.60
SAGAR BUNGALOWS,P-BPL-17-187,Ongoing,9826088474,sb.agrawalconstruction@gmail.com,864.65,37.62
KALYANI KUNJ TOWERS,P-BPL-17-191,Ongoing,9826740191,kalyani.infrast@yahoo.com,0.01,
MAHA LAXMI PARISAR,P-BPL-17-197,Ongoing,9826443671,rkparmar999@gmail.com,171.35,43.18
KANTA SHRAWAN JYOTI,P-BPL-17-201,Ongoing,9425302973,shrawanhomes@gmail.com,4015.00,3286.00
MADHURAM HEIGHT,P-BPL-17-206,New,9993443259,opk07@yahoo.com,1675.00,610.24
OJASWI DIVYAM,P-BPL-17-209,Ongoing,9575452028,ojaswibuilders@gmail.com,0.01,
FORTUNE SOUMYA ATLANTIS PHASE 3,P-BPL-17-214,Ongoing,9826021986,fortunesoumyarera@rediffmail.com,,
DWARKAJI SUKHAD,P-BPL-17-221,Ongoing,9229376204,vijaysingh281154@gmail.com,638.09,507.69
CENTURION SKY,P-BPL-17-222,Ongoing,9826329521,ajay_bhopal@hotmail.com,,
BHAGWAN PARISAR,P-BPL-17-224,Ongoing,9425011274,rajendrasinghkushwah167@gmail.com,2505.86,47.92
AUGUSTUS PHASE II,P-BPL-17-225,Ongoing,9300050000,sanjeevsingh@belief.co.in,1357.31,38.79
DRISHTI CITY EWS,P-BPL-17-228,Ongoing,9303137170,drishtioffset@gmail.com,68.07,1.19
GALAXY CITY PHASE II/B,P-BPL-17-235,Ongoing,9977255837,wazirbuildcon@gmail.com,837.52,839.00
RUBY BHAGWAN ESTATE,P-BPL-17-236,Ongoing,9826050638,sureshsharma1969@gmail.com,96763485.00,10800000.00
INDUS REGENCY PHASE II,P-BPL-17-241,Ongoing,9826423781,induscolonisers9@gmail.com,2142.00,91.00
OLIVE,P-BPL-17-242,Ongoing,9424324000,agnllpgwl@gmail.com,709.14,71.21
AEROCITY PH-1,P-BPL-17-246,Ongoing,9406565263,info@bda.org.in,26500.00,
SHUBHALAY ESHAN,P-BPL-17-252,Ongoing,9826056007,konarkbhopal@yahoo.com,1607.00,55.60
"SAPPHIRE PARK CITY, KATARA HILLS, BHOPAL",P-BPL-17-261,Ongoing,9406912058,EEDN3HBBPL@MP.GOV.IN,4606.94,300.00
SHIV JANKI VATIKA,P-BPL-17-266,New,9479355537,srealestat@gmail.com,600.00,246.00
HIMANSHU GREENS PHASE 1,P-OTH-17-267,Ongoing,9826043891,HFMBHOPAL@YAHOO.COM,521.00,268.36
PURVANCHAL PARISAR,P-BPL-17-269,Ongoing,9425015779,ravimphousing@gmail.com,945.00,300.00
CRYSTAL GREEN,P-BPL-17-274,Ongoing,9713112999,sbdbpl@gmail.com,0.03,0.02
CORAL CASA PHASE I,P-BPL-17-283,Ongoing,9826030047,BMREALTY2014@GMAIL.COM,1482.07,685.00
PEOPLE&#039;S ENCLAVE PLOTTED RESIDENTIAL PROJECT,P-BPL-17-284,Ongoing,9098793122,cspeoplesgroup@gmail.com,,858.00
KASTURI HEIGHTS,P-BPL-17-296,Ongoing,9893306730,kartikdevcon@gmail.com,1677.28,100.00
DWARIKA PARISAR,P-BPL-17-299,Ongoing,9406912079,rkgitey@gmail.com,6000.00,503.00
LAKSHMI PARISAR,P-BPL-17-301,Ongoing,9926807836,girish_saoji@yahoo.in,2000000.00,12969000.00
ZEN,P-BPL-17-303,New,9300050000,sanjeevsingh@belief.co.in,2223.50,45.00
AFFORDABLE HOUSING SCHEME SALAIYA,P-BPL-17-309,Ongoing,9406565263,vkee2bda@gmail.com,11464.00,
VILLE PANACHE,P-BPL-17-312,Ongoing,9826541448,modisanjaybpl@yahoo.co.in,508.00,280.00
SHUBH BUSINESS ZONE,P-BPL-17-324,Ongoing,9826346148,konarkbhopal@gmail.com,1103.92,996.08
GMV OLAAN D PHASE III,P-BPL-17-332,Ongoing,9826045517,project@gmvindia.com,1976.37,12.42
CORAL CASA PHASE II,P-BPL-17-334,Ongoing,9826030047,BMREALTY2014@GMAIL.COM,583.49,328.93
RAJATS GOLDEN NEST- PHASE 3,P-BPL-17-341,Ongoing,9993011020,nayak_rahul@yahoo.com,529.95,36.63
RAJATS GOLDEN NEST- PHASE 2,P-BPL-17-342,Ongoing,9993011020,nayak_rahul@yahoo.com,473.50,40.69
RAJATS GOLDEN NEST- PHASE1,P-BPL-17-343,Ongoing,9993011020,nayak_rahul@yahoo.com,744.57,58.00
SANVI CAMPUS,P-BPL-17-344,Ongoing,9826030047,BMREALTY2014@GMAIL.COM,188.10,120.25
GALAXY CITY PHASE II/A,P-BPL-17-353,Ongoing,9977255837,wazirbuildcon@gmail.com,1642.56,1235.00
DREAMS GLORY PHASE-II,P-BPL-17-362,Ongoing,8817355533,dreams.realty.bhopal@gmail.com,993.54,530.43
SINGAPORE VILLAS,P-BPL-17-373,Ongoing,9827290499,singaporevillas@gmail.com,2050.00,1316.50
"TIRUPATI ML HIGHRISE, PHASE - I (BLOCK 2)",P-BPL-17-374,Ongoing,9425300227,tirupatihighrise0201@gmail.com,229744000.00,12051000.00
SWASTIK GRAND VILLAS PHASE I,P-BPL-17-376,Ongoing,7000446020,MINYRAJ@GMAIL.COM,1097.45,1600.00
SHIV AANGAN,P-BPL-17-377,Ongoing,8959336677,shreeshivdevelopers@gmail.com,7400.00,
INDRAPRASTH COLONY - EWS BLOCK,P-BPL-17-379,Ongoing,9039059944,RAMAYANBUILDERS@GMAIL.COM,53.82,3.59
PARADISE HERITAGE-II,P-BPL-17-383,Ongoing,9827439005,pgrs.pvt.ltd@gmail.com,270.00,159.50
CENTURY HEIGHTS,P-BPL-17-395,Ongoing,9893272345,centurybuildersbhopal@gmail.com,0.02,
ASHOK VIHAR COLONY,P-BPL-17-397,Ongoing,9826082515,ashok.vihar2010@gmail.com,311.00,17.13
EASTERN COUNTY PHASE 2,P-BPL-17-407,Ongoing,9826650113,mirakaar@gmail.com,1431.98,11.74
AMALTAS AMBREEN HOMES,P-BPL-17-418,Ongoing,7828512394,amaltas.bpl@gmail.com,900.00,35.10
ORACLE,P-BPL-17-419,Ongoing,9755999990,rakshachief@gmail.com,406.59,237.51
VARDHMAN GREEN PARK PHASE-IV,P-BPL-17-420,Ongoing,7773050235,vardhmanbhopal130@gmail.com,23.47,6.66
EDEN PARK,P-BPL-17-424,Ongoing,9755999990,rakshachief@gmail.com,107.37,5.34
WESTERN COURT,P-BPL-17-427,Ongoing,9893028468,info@westerngroup.co.in,309115200.00,
AP - PARK AVENUE,P-BPL-17-429,New,8989792163,manojsingh3011@gmail.com,444.00,250.00
"DIVINE DEVELOPERS, AASHIMA DIVINE CITY",P-BPL-17-434,Ongoing,8109921676,opkbpl@gmail.com,8830.08,1624.25
MACKER REGALIA,P-BPL-17-436,Ongoing,9826051759,neerajmacker@mackerrealventures.com,484.11,41.43
ESSARJEE ROYALE,P-BPL-17-443,Ongoing,9826024221,essarjee@gmail.com,481.35,10.09
ESSARJEE SAMPADA PHASE - II,P-BPL-17-445,Ongoing,9826024221,essarjee@gmail.com,3067.74,78.71
HIMANSHU SHUBH CITY,P-BPL-17-449,Ongoing,9826043891,HFMBHOPAL@YAHOO.COM,975.00,615.45
PEBBLE BAY-PHASE-V,P-BPL-17-456,Ongoing,9826244806,ahplbpl@yahoo.com,2920.00,1080.00
AIRPORT CITY PHASE -1,P-BPL-17-459,Ongoing,9826035850,skyujjawalaair@gmail.com,0.01,
OPEL ORRIS-I,P-BPL-17-460,Ongoing,9826019857,rsrhousing79@gmail.com,4589.18,136.85
"M/S GIRISH BUILDERS &AMP; DEVELOPERS, AASHIMA ROYAL CITY",P-BPL-17-461,Ongoing,9303132201,saipathlisa@gmail.com,3750.00,724.50
PALMERA VILLAS,P-BPL-17-463,Ongoing,9893053165,info@hindustancolonizer.com,1600.00,9.00
SIDDHARTH TOWERS 2,P-BPL-17-468,New,9770002233,siddharthconstruction008@gmail.com,15000000.00,5900000.00
PARAS HEIGHTS - PHASE II,P-BPL-17-475,Ongoing,9827056550,parashomes@gmail.com,6750000.00,1329000.00
PARAS HEIGHTS - PHASE I,P-BPL-17-485,Ongoing,9827056550,parashomes@gmail.com,89000000.00,6430000.00
RUDRAKSH KASTURI,P-BPL-17-491,Ongoing,9827042847,nirvanalifespaces@yahoo.com,2600.00,
ROSEWOOD CENTURY,P-BPL-17-505,Ongoing,9893291757,balanianil@yahoo.com,1693.00,1900.00
DWARKADHAM,P-BPL-17-506,Ongoing,8319405147,dwarkadham2017@yahoo.com,16625.23,539.00
SWEET HOME,P-BPL-17-512,Ongoing,9873137710,shrivastava.manoj@gmail.com,250.00,150.00
GEET SKYVILLE,P-BPL-17-514,Ongoing,9827058247,sunitaconstructions123@gmail.com,4066.53,228.62
SINGAPORE CITY,P-BPL-17-515,Ongoing,9617130300,crystalhbuilders@gmail.com,2503.00,1037.00
BHOOMI GOLDEN HEIGHTS,P-BPL-17-522,Ongoing,7869911330,bhoomi.bhopal@gmail.com,1640.25,1760.00
GOLD VILLE,P-BPL-17-523,Ongoing,7828512392,amaltas1996@gmail.com,1905.00,1695.00
LALITA PARISAR,P-BPL-17-528,Ongoing,9425300561,nautyalmukesh@gmail.com,6118866.00,7217046.00
KAKDA ABHINAV HOMES,P-BPL-17-529,Ongoing,9669100055,kakdaabhinavhomes@gmail.com,165.00,19.70
FORTLEZA PHASE 1,P-BPL-17-532,Ongoing,7354990303,rerafortleza@mirchandanigroup.com,4159.00,289.78
SHIV OM GREEN PARK,P-BPL-17-533,Ongoing,9827098572,jprakash873@gmail.com,1054.00,110.21
CHINARR 7TH MILE,P-BPL-17-537,Ongoing,9425005446,chinar2@hotmail.com,65129831.00,125517120.00
CHINAR INCUBE BUSINESS CENTRE,P-BPL-17-538,Ongoing,9039984260,shrikant@chinarrgroup.com,261649070.00,20383000.00
CHINARR NIVAASAA,P-BPL-17-539,Ongoing,9630025446,info@chinarrgroup.com,73873215.00,106342125.00
BHAWANI REGENCY,P-BPL-17-540,Ongoing,9425303009,BHAWANIHOUSING@GMAIL.COM,252.80,78.98
KILOL BUNGALOWS,P-BPL-17-549,Ongoing,9303134334,prithviestate13@gmail.com,22541240.00,2633810.00
SHREE ANANDAM,P-BPL-17-554,Ongoing,9425012341,shishirmaheshwari27@gmail.com,637.00,1242.44
"NICE SPACE (BLOCK B, F, H, EWS,AND CLUB HOUSE)",P-BPL-17-563,Ongoing,9752939700,spcolonizers.pvt.ltd@gmail.com,2767.00,180.00
REGAL PINK CITY,P-BPL-17-564,Ongoing,9425010288,skbajpai0101@gmail.com,1343.95,26.76
AUGUSTUS PHASE I,P-BPL-17-565,Ongoing,9300050000,sanjeevsingh@belief.co.in,904.88,31.73
"ACHLAM INFRASTRUCTURE, MADHUBAN CITY",P-BPL-17-566,Ongoing,9981013788,ravi553162@gmail.com,3840.00,683.66
NAND GAON,P-BPL-17-569,Ongoing,9826443671,rkparmar999@gmail.com,1149.00,100.08
LAKE PEARL VALLEY,P-BPL-17-573,Ongoing,9826014898,wasiq40@yahoo.co.in,2747.34,442.63
LAXMI PARISAR CLASSIC,P-BPL-17-575,Ongoing,9826046877,gouraconstruction@gmail.com,45000000.00,4695000.00
THE HOMES,P-BPL-17-578,Ongoing,8878676345,pbd.bpl@gmail.com,1180.60,1756.40
PEBBLE BAY-PHASE-II-PHASE-B,P-BPL-17-596,Ongoing,9826244806,ahplbpl@yahoo.com,2777.00,636.63
ALARK RESIDENCY EWS/LIG,P-BPL-17-598,Ongoing,9993077333,sachin.alark@gmail.com,238.00,
ALARK RESIDENCY BLOCK C,P-BPL-17-599,New,9993077333,sachin.alark@gmail.com,2385.00,385.00
INDRAPRASTH COLONY,P-BPL-17-604,Ongoing,9039059944,RAMAYANBUILDERS@GMAIL.COM,275.00,108.66
STC ALARK SIGNATURE PARK PHASE 1 - EWS,P-BPL-17-606,Ongoing,9425301030,alarkgroup@gmail.com,21.22,50.30
STC ALARK SIGNATURE PARK PHASE 1,P-BPL-17-608,Ongoing,9425301030,alarkgroup@gmail.com,935.75,205.61
S.K.HEIGHT,P-BPL-17-610,Ongoing,9926100523,hemantkhawse@gmail.com,230.00,46.06
CHINARR NEST,P-BPL-17-611,Ongoing,9425005446,chinar2@hotmail.com,133192680.00,12400600.00
SHREE SAI ARCHADE,P-BPL-17-612,Ongoing,9229223600,ajay.sharma922277@gmail.com,150.00,4.00
CHINARR DREAM CT (BLOCK A TO M AND QRSTU),P-BPL-17-618,Ongoing,7869008288,chinar2.sunil@gmail.com,1591085987.00,750000000.00
SAPPHIRE MAJESTIC (IBD REVAA),P-BPL-17-620,Ongoing,9926671777,shrisiddhivinayakbuildcon@gmail.com,2404.00,
SARLA PARADISE,P-BPL-17-621,Ongoing,9165570870,mohitsachdev07@gmail.com,1195.00,175.77
IBD KINGS PARK,P-BPL-17-622,Ongoing,8959903615,ibduniversalrera@gmail.com,5936.30,1216.30
IBD QUEENS COURT 2,P-BPL-17-623,Ongoing,8959903615,ibduniversalrera@gmail.com,357.66,196.71
GREEN MEADOWS PHASE II EWS BLOCK,P-BPL-17-626,New,8989792334,greenmeadowsbpl@yahoo.in,239.85,9.55
AADYA HABITAT - PHASE III,P-BPL-17-627,New,9039000044,ar.hitesh2@gmail.com,182.00,53.00
FORTUNE BLUE RIDGE,P-BPL-17-640,Ongoing,9827056370,fortunebuildersbpl@gmail.com,1069.86,45.17
AADYA HABITAT - PHASE II,P-BPL-17-642,Ongoing,9039000044,ar.hitesh2@gmail.com,89.47,128.21
TIRUPATI ABHINAV HOMES,P-BPL-17-648,Ongoing,8120555777,tirupatiabhinavhomes@gmail.com,0.03,0.02
SEAC CITY BHOPAL,P-OTH-17-649,Ongoing,9300997799,akdubey@seac.co.in,371.00,22.21
WHISPERING PALMS PHASE III,P-BPL-17-651,New,9827094884,sterling_builders@yahoo.in,529.50,12.40
WHISPERING PALMS PHASE II,P-OTH-17-653,Ongoing,9827094884,sterling_builders@yahoo.in,383.60,67.00
SUHAGA,P-BPL-17-658,Ongoing,9009659993,shubhalay.com@gmail.com,1196.00,56.06
FORTUNE GREENSHIRE,P-BPL-17-663,Ongoing,9827055091,fortunebuildersbpl@yahoo.co.in,290.21,484.34
DEVELOPMENT OF 36 EWS PLOTS AT VISHWAKARMA NAGAR BHOPAL,P-BPL-17-664,New,9406912008,eedn1hbbpl@mp.gov.in,94.50,13.24
YASHODA DESIRE,P-BPL-17-667,Ongoing,9826023559,yashodahomes@gmail.com,1844.59,36.58
VASTU VIHAR 1,P-BPL-17-672,Ongoing,9826738551,pawanchug@gmail.com,606.35,10.02
PARAS VILLA,P-BPL-17-674,Ongoing,9827056550,parashomes@gmail.com,45500000.00,2314000.00
PALM CITY,P-BPL-17-675,Ongoing,9179078989,housing.tri@gmail.com,1339.00,6595.00
FORTUNE DIVINE CITY (CONVENIENT SHOPS),P-BPL-17-676,Ongoing,9827056370,fortunebuildersbpl@gmail.com,55.15,1.26
MAHENDRA GREEN WOODS,P-BPL-17-679,Ongoing,8085328281,mahendrabuilders@rediffmail.com,2004.00,135.00
IBD QUEENS COURT 1,P-BPL-17-683,Ongoing,8959903615,ibduniversalrera@gmail.com,366.08,
PARAS HEIGHTS - PHASE - 3,P-BPL-17-692,Ongoing,9827056550,parashomes@gmail.com,80000000.00,1588000.00
KASTURI HOMES,P-BPL-17-696,Ongoing,9993670255,jagdeeshthakur.jt@gmail.com,849.75,477.03
VIRASHA HEIGHTS PHASE 7,P-BPL-17-698,New,9826029103,VIRASHA.INFRASTRUCTURE@GMAIL.COM,620.50,10.78
VIRASHA HEIGHTS PHASE - 4,P-BPL-17-699,New,9826029103,VIRASHA.INFRASTRUCTURE@GMAIL.COM,620.52,10.78
SWASTIK PARAS ENCLAVE PHASE I,P-BPL-17-703,Ongoing,9826079210,SBINFRABHOPAL@GMAIL.COM,2323.76,368.64
PEBBLE BAY-PHASE-VI,P-BPL-17-704,Ongoing,9826244806,ahplbpl@yahoo.com,1446.00,1948.60
LIFESTYLE BLU,P-BPL-17-705,Ongoing,9425010729,sanskaar@live.in,,
ULTIMATE ENGLISH VILLAS PHASE-02,P-BPL-17-706,Ongoing,9039010082,,405290941.74,287366286.80
ULTIMATE ENGLISH VILLAS(SQUARE I)-PHASE 3,P-BPL-17-707,Ongoing,9039010082,info@ultimateconstructions.com,56173556.21,85359654.51
SOUMYA PARKLAND EXTENSION,P-BPL-17-708,Ongoing,9981666323,sanjay.soumyahomes@gmail.com,191.17,43.95
SHEETAL PARADISE,P-BPL-17-713,Ongoing,9981686331,sheetalnathbuilders@gmail.com,1114.52,423.52
FORTUNE SOUMYA ATLANTIS PHASE 4,P-BPL-17-717,Ongoing,9826021986,fortunesoumyarera@rediffmail.com,374.22,46.17
"SAGAR EDEN GARDEN, PHASE-II",P-BPL-17-724,Ongoing,8602252541,seg2.agrawalconstruction@gmail.com,2308.38,479.75
REGALIA PALACE BLOCK 1 (E) AND 2 (E),P-BPL-17-727,New,9893243888,shameemkhan345q@gmail.com,2655.04,283.93
PARK CITY SECTOR-8,P-BPL-17-728,Ongoing,9826045517,project@gmvindia.com,83.23,
SUNCITY GREENS,P-BPL-17-729,Ongoing,9302169057,js@gmvindia.com,755.86,79.27
OPELORRIS PHASE-II,P-BPL-17-741,New,9826019857,rsrhousing79@gmail.com,,
SAMMASATI-1,P-BPL-17-744,Ongoing,9300688065,AHMED21CR@REDIFFMAIL.COM,298.00,91.85
BHAVISHYA METRO CITY ROYAL PARK,P-BPL-17-745,Ongoing,8889955884,vinod.bhavishya@gmail.com,158087481.00,16355850.00
HARMONY PHASE 2,P-BPL-17-747,Ongoing,9893048199,vansh.tripathi12@gmail.com,0.01,
"THE BELLAIRE MINT ( BLOCK A, C,&AMP; EWS -LIG)",P-BPL-17-748,Ongoing,9425302856,RISHIKESHNIRMAAN@GMAIL.COM,2402.00,173.00
LAXMI SHOPPING COMPLEX,P-BPL-17-749,Ongoing,9826443671,rkparmar999@gmail.com,180.35,25.01
SUDAMA SUN CITY,P-BPL-17-751,Ongoing,9826293567,anilsrajdev@gmail.com,575.90,
KAUSHALYA HEIGHTS,P-BPL-17-757,Ongoing,9685108545,kdbd06@gmail.com,81704790.00,10285685.00
KAUSHALYA PINK HERITAGE,P-BPL-17-758,Ongoing,9685108545,kdbd06@gmail.com,274.66,42.13
GANPATI INDIGO,P-BPL-17-759,New,9425006430,omaccessrealtygst@gmail.com,514.37,242.83
PARAS MIDAS EWS PHASE,P-BPL-17-761,Ongoing,9425012805,parashousing@gmail.com,213.68,
HARSHIT LIFESTYLE - PHASE 2,P-BPL-17-763,Ongoing,9425303399,hitesh_91281@yahoo.com,9123000.00,
SOUTH CITY AVENUE PHASE II,P-BPL-17-785,New,9826032331,sjvardhman@gmail.com,64000000.00,31800000.00
SOUTH CITY ENCLAVE PHASE - 1,P-BPL-17-786,Ongoing,9826032331,sjvardhman@gmail.com,10.00,10.00
PRAKRATI EDEN &AMP; ELITE,P-BPL-17-790,Ongoing,9993044431,prakratibuilder@gmail.com,2202.00,
PARSHVDHAM PHACE -1,P-BPL-17-794,Ongoing,9669579956,jain3vivek@gmail.com,2000.00,65.00
GLOBAL TOWER,P-BPL-17-798,Ongoing,9229280554,mahendra9700@rediffmail.com,272.95,84.24
PARSHV GALAXY,P-BPL-17-800,Ongoing,9754447955,jain_vivek3@rediffmail.com,1500.00,500.00
GANPATI ABODE,P-BPL-17-807,New,9425006430,omaccessrealtygst@gmail.com,2009.55,342.81
MASTERS RESIDENCY,P-BPL-17-824,Ongoing,7838899607,rajput.abhimanyu@gmail.com,171.00,951.00
HIMALAYA RESIDENCY,P-BPL-17-829,Ongoing,9425302760,buildershimalaya@gmail.com,1376.29,390.50
GOLF PARK,P-BPL-17-831,Ongoing,7987822439,bpl.fastrack@gmail.com,436.60,15.42
SHREE GOLDEN CITY PRIMA PHASE 1,P-BPL-17-832,Ongoing,9303130360,manish@shreebuilders.com,1485.85,526.04
SHREE GOLDEN CITY PRIMA PHASE 2,P-BPL-17-834,Ongoing,9303130360,manish@shreebuilders.com,976.61,345.76
BALAJEE HEIGHTS,P-BPL-17-835,Ongoing,9713564894,info@aaurabuildcon.com,170.00,600.00
SHREE GOLDEN CITY PRIMA PHASE 4,P-BPL-17-836,Ongoing,9303130360,manish@shreebuilders.com,515.95,182.68
ATAL ASRAY AFFOARDABLE HOUSING SCHEME(JNNURM) NAVIBAG,P-BPL-17-837,Ongoing,9406565263,info@bda.org.in,6460.13,1.00
SHASHI HI-TECH CITY,P-BPL-17-853,Ongoing,9300282816,sauravsharan1@gmail.com,450.00,1777580.00
JANKI GALAXY,P-BPL-17-855,Ongoing,9926800618,prateekvats1906@gmail.com,505.00,380.00
RAI PINK CITY PHASE-II,P-BPL-17-856,Ongoing,9009989703,raihrbhopal@gmail.com,6330.12,1500.00
RAI PINK CITY PHASE I,P-BPL-17-860,Ongoing,9009989707,raihomes1@gmail.com,3083.35,600.00
"CONSTRUCTION OF 101 LIG, 208 EWS HOUSES, 10 SHOPS &AMP; DEVELOPMENT OF 3.67 HECT LAND, ANANDAM NAGA",P-OTH-17-869,Ongoing,9425028124,eednhbgun@mp.gov.in,1843.00,41.39
SAKSHI PARADISE,P-BPL-17-879,Ongoing,9713183111,CRUNCHIESTORE@GMAIL.COM,36.94,3.75
SIGNATURE CITY EXCLUSIVE,P-BPL-17-884,Ongoing,9302244664,manishidnani7@gmail.com,270.34,172.52
GANPATI PEARL,P-BPL-17-885,Ongoing,9329731894,Ombuildersbhopal@gmail.com,0.01,
SAGAR GREEN HILLS PHASE-II B,P-BPL-17-890,Ongoing,7747016051,sgh2.agrawalconstruction@gmail.com,2782.67,256.83
SAGAR GREEN HILLS PHASE-II A,P-BPL-17-891,Ongoing,7747016051,sgh2.agrawalconstruction@gmail.com,3021.60,194.57
SIGNATURE CITY - PHASE 2,P-BPL-17-901,Ongoing,7869962515,directorsdesk@thesignaturegroup.co.in,796.27,57.28
NOOR-US-SABAH RESIDENCY,P-BPL-17-904,Ongoing,9893027784,arvindmishra68@rediffmail.com,12261.30,81.71
IBD ROYAL CITII 1,P-BPL-17-911,New,8959903602,ibdnalandarera@gmail.com,3494.00,883.74
GOLDEN PALM,P-BPL-17-930,Ongoing,9425302700,gmrbhopal@gmail.com,1185.36,457.55
SPRING VALLEY DEW PHASE 1,P-BPL-17-932,Ongoing,7869950233,sales@asnanibuilders.com,19993381.00,25317000.00
KASTURI VIHAR,P-BPL-17-933,New,9993670255,jagdeeshthakur.jt@gmail.com,,0.01
ELIXIR GREENS PHASE-I PLOTS,P-BPL-17-944,Ongoing,9981169894,infrastructure.elixir@gmail.com,110.00,30.79
ELIXIR GREENS COMMERCIAL,P-BPL-17-945,Ongoing,9981169894,infrastructure.elixir@gmail.com,,
FORTUNE LANDMARK PHASE-01,P-BPL-17-946,Ongoing,9827056370,fortunebuildersbpl@gmail.com,322.87,324.00
"FORTUNE SIGNATURE PHACE -3 (A-1, A-2 &AMP; EWS-LIG BLOCK)",P-BPL-17-947,New,9827056370,fortunebuildersbpl@gmail.com,123.18,25.09
NIKUNJ HEIGHTS,P-BPL-17-949,Ongoing,9826224729,devkibuilder@gmail.com,793.70,330.10
ELIXIR GARDENS PHASE-II PLOTS,P-BPL-17-951,Ongoing,9981169894,infrastructure.elixir@gmail.com,,
ELIXIR GREENS PHASE-II PLOTS,P-BPL-17-952,Ongoing,9981169894,infrastructure.elixir@gmail.com,70.00,54.42
SPRING VALLEY DEW PHASE 2,P-BPL-17-953,New,7869950233,sales@asnanibuilders.com,128942520.85,85211976.00
PALASH PARISSAR PHASE -II,P-BPL-17-955,Ongoing,8889949399,premnathyadav60@gmail.com,134.49,0.40
PRIYADARSHINI PRISTINE,P-BPL-17-979,Ongoing,7389390726,priyadarshiniconstruction@gmail.com,62.95,
CAPITAL GREENS,P-BPL-17-980,Ongoing,9303108355,capitalgreens1@gmail.com,,
DREAM LANDS,P-BPL-17-982,Ongoing,9826648884,tanwani.madhur@gmail.com,56.95,263.35
11TH MILE GARDEN CITY PHASE I AND PHASE II,P-BPL-17-985,Ongoing,9893042341,rituconstructions@gmail.com,2432.13,5000.00
PRIYADARSHINI ADHISHTHAN,P-BPL-17-987,Ongoing,7389390726,priyadarshiniconstruction@gmail.com,330.88,144.50
THE ATHENAEUM,P-BPL-17-988,Ongoing,9827060022,priyadarshiniuniqueconstructions@yahoo.com,1942.50,
PRIYADARSHINI PLEASURE,P-BPL-17-991,Ongoing,7389390726,priyadarshiniconstruction@gmail.com,23.60,
IBDRAISINA PHASE IV,P-BPL-17-993,Ongoing,9826325515,vindhyachalpr@yahoo.com,677.45,51.22
IBDRAISINA PHASE I,P-BPL-17-995,Ongoing,9826325515,vindhyachalpr@yahoo.com,0.01,
IBDRAISINA PHASE III,P-BPL-17-996,Ongoing,9826325515,vindhyachalpr@yahoo.com,907.62,68.61
IBDRAISINA PHASE II,P-BPL-17-997,Ongoing,9826325515,vindhyachalpr@yahoo.com,803.50,60.74
UMA VIHAR COLONY,P-BPL-17-1015,Ongoing,9425301992,akhilmishra1983@gmail.com,1233.99,53.62
SARDAR VALLAB BHAI PATEL APSI KARAR YOJNA MISROD PH. - 2,P-BPL-17-1018,Ongoing,9406565263,info@bda.org.in,19484.23,
GALAXY TOWERS,P-BPL-17-1019,Ongoing,7772972270,galaxytowersbhopal@gmail.com,1810.00,750.00
SAUBHAGYA CITY-01,P-OTH-17-1020,Ongoing,9301239900,vaishnodevbuild@gmail.com,700.00,240.87
WINDSOR ARALIA PHASE-2,P-BPL-17-1028,New,9826037898,windsor.aralia@gmail.com,772.00,31.00
WINDSOR ARALIA COMMERCIAL COMPLEX,P-BPL-17-1029,Ongoing,9826037898,windsor.aralia@gmail.com,250.00,20.00
VERONIKA HEIGHTS,P-BPL-17-1030,Ongoing,9827026191,mohabeandassociates@gmail.com,338.81,244.92
SHRISHTI C.B.D.,P-BPL-17-1031,Ongoing,9039068009,CBD@SHRISHTI.CO,41305.90,36547.30
PRABHATAM HEIGHTS PHASE II,P-BPL-17-1034,New,9311225004,info@prabhatamgroup.com,6457.45,64.01
PRABHATAM HEIGHTS PHASE I,P-BPL-17-1035,Ongoing,9311225004,info@prabhatamgroup.com,3992.24,64.01
AB24,P-BPL-17-1043,New,9425017064,rkg38us@yahoo.co.in,286.60,23.88
ROYAL PARK CITY,P-OTH-17-1044,Ongoing,9009989707,raihomes1@gmail.com,1639.95,1569.95
CLASSICA APARTMENT,P-BPL-17-1062,Ongoing,9826751511,puneet.tiwari47@gmail.com,302.67,1.31
IBD GLORY CITII,P-BPL-17-1064,New,8959903615,ibduniversalrera@gmail.com,865.78,374.94
PEACE VALLY - III,P-BPL-17-1068,Ongoing,9425373182,rishishreepalak@gmail.com,139828000.00,36700000.00
NIRUPAM ROYAL PALMS (EXTENSION 3.45 ACRES) PHASE 2,P-BPL-17-1069,Ongoing,9425006456,info.nirupambuilders@gmail.com,929.00,6.90
NIRUPAM ROYAL PALMS (EXTENSION 5.07 ACRES) PHASE 2,P-BPL-17-1076,Ongoing,9425006456,info.nirupambuilders@gmail.com,331.88,47.69
RED WOODS PHASE-1,P-BPL-17-1087,Ongoing,9752410935,jayshreebuildersbpl@gmail.com,688.89,7.79
MARUTI PARISAR NEELGAGAN HEIGHTS,P-BPL-17-1093,Ongoing,9993733055,WAJEEDBUSINESS@GMAIL.COM,302.90,165.00
SHEETAL STAR CITY,P-OTH-17-1105,Ongoing,8959816276,sheetalstarcity@gmail.com,2025.00,103.00
KALIND BUSINESS CENTRE,P-BPL-17-1113,New,9993143171,kalindinfracon@hotmail.com,83.00,2.14
GALAXY CITY PHASE I/A,P-BPL-17-1132,Ongoing,9977255837,wazirbuildcon@gmail.com,1656.68,1064.00
D.K. 24 CARAT PHASE-1,P-BPL-17-1133,New,7974561689,info@dkconstructionsbhopal.com,1238.90,926.56
STAR CITY,P-BPL-17-1136,Ongoing,7415447144,rudraestates.bhopal@gmail.com,1050.00,303.00
AADI HEIGHTS,P-BPL-17-1137,Ongoing,9685807744,shreeaadiconstruction@gmail.com,64650000.00,22700000.00
IBDRAISINA PHASE V,P-BPL-17-1142,Ongoing,9826325515,vindhyachalpr@yahoo.com,801.33,60.57
SHEETAL HEIGHTS,P-BPL-17-1152,Ongoing,9827226164,AHMED24CR@REDIFFMAIL.COM,2162.64,770.00
FORTUNE SOUMYA HERITAGE PHASE 3,P-BPL-17-1153,Ongoing,9826021986,fortunesoumyarera@rediffmail.com,881.12,278.80
HEAVENS DREAM,P-OTH-17-1156,Ongoing,9826010234,DREAMATKOLAR@GMAIL.COM,4754.00,1383.00
ADITYA MANSIONS,P-BPL-17-1160,Ongoing,9713318687,caharipatidar@gmail.com,893.68,123.46
A V GREEN CITY,P-OTH-17-1162,Ongoing,9826917520,akhilesh.shukla1@gmail.com,149.68,158.44
OFFICERS TOWN,P-BRS-17-1173,Ongoing,8889994874,rkjain02@gmail.com,597.00,573.26
APOLLO PARADISE,P-BPL-17-1176,Ongoing,8818888871,anurag.pune@gmail.com,191.16,42.32
HARSHIT LIFESTYLE,P-BPL-17-1179,Ongoing,9425303399,hitesh_91281@yahoo.com,53000000.00,
VARDHMAN GREEN ENCALVE,P-BPL-17-1181,Ongoing,9669222230,puneetgodha@gmail.com,325.00,18.74
FORTUNE SOUMYA HOUSING TULIP GREENS PHASE-2,P-BRS-17-1208,Ongoing,9826021986,fortunesoumyarera@rediffmail.com,789.42,87.51
PREM KESAR,P-BPL-17-1231,Ongoing,9826098178,amitabhindian@gmail.com,523.00,677.00
TREBHUVAN VIHAR,P-BPL-17-1237,Ongoing,9826853121,patidarrahul0104@gmail.com,285.28,499.07
CRYSTAL SMART CITY,P-BPL-17-1263,Ongoing,9826911533,harishshivnani26@gmail.com,44427375.00,165300000.00
GIRNAR HILLS PHASE 2,P-BPL-17-1264,Ongoing,9993490123,mohitsharma_bhp@yahoo.com,1111.60,129.22
LAHARPUR PHASE-2,P-BPL-17-1273,Ongoing,9425020213,vishan.asnani@asnanibuilders.com,1192.34,28.48
JAI MAHADEV SMART CITY,P-OTH-17-1289,Ongoing,9827098572,jprakash873@gmail.com,781.00,419.79
AMPLE VILLAS,P-BPL-17-1290,Ongoing,9425005969,sanjayvrm93@gmail.com,530.00,
S.S. TOWER,P-BPL-17-1300,Ongoing,9425009778,adityahousingbhopal@gmail.com,500.00,150.00
VINDHYA RESIDENCY,P-BPL-17-1304,Ongoing,9827024234,pyramidinfracons@rediffmail.com,160.00,
BHAVISHYA METRO CITY SEC-A,P-BPL-17-1320,Ongoing,8889955884,vinod.bhavishya@gmail.com,282530740.00,8355000.00
TOP DREAM CITY,P-BPL-17-1325,Ongoing,9200500700,akash_colonizer@yahoo.com,283.00,107.10
TOP CITY,P-OTH-17-1327,Ongoing,9200500700,akash_colonizer@yahoo.com,360.00,10.00
"SHRI RADHA KRISHNA RESIDENCY, PHASE-I",P-BPL-17-1346,Ongoing,9826343388,bhojpalbuilders@gmail.com,1074.20,886.92
KARNAWATI HOMES,P-BPL-17-1347,Ongoing,8349417148,vivekanandmishra19@yahoo.co.in,,
ARYAN SAJJA,P-BPL-17-1353,Ongoing,9826288650,aryancolonisers@yahoo.co.in,350.17,78.92
VP AAKAR ELITE,P-BPL-17-1354,Ongoing,9893570417,buildersaakar@gmail.com,76.71,66.28
MAHENDRA HEIGHTS,P-BPL-17-1359,Ongoing,8085328281,mahendrabuilders@rediffmail.com,167.64,100.00
IBD HALLMARK CITY PHASE-I,P-OTH-17-1364,Ongoing,8959903615,ibduniversalrera@gmail.com,2063.87,51.04
IBD EMPORIA,P-OTH-17-1366,Ongoing,8959903645,utkarshdevelopersrera@gmail.com,1110.11,200.00
EDEN GARDEN,P-BPL-17-1373,Ongoing,9301054505,bhawsarandcompany@gmail.com,2956.20,167.22
MY REALTY,P-BPL-17-1375,Ongoing,9752130000,myrealty121@yahoo.com,545.31,17.21
MADHURAM HOMES,P-BPL-17-1379,Ongoing,9862060800,sudhir111111@gmail.com,7534750.00,9652870.00
SAMMASATI PREMIUM,P-BPL-17-1382,Ongoing,9300688065,AHMED21CR@REDIFFMAIL.COM,229.40,65.67
VERTEX PRIME IV,P-BPL-17-1383,Ongoing,9823135222,vertexrealtors0755@gmail.com,31267000.00,24592750.00
VERTEX PRIME 1,P-BPL-17-1384,Ongoing,9823135222,vertexrealtors0755@gmail.com,27480000.00,20800500.00
SHEETAL DHAM,P-BPL-17-1390,Ongoing,9981686331,sheetalnathbuilders@gmail.com,695.26,175.00
KASTURI GREEN CITY,P-BPL-17-1394,New,9826069579,stutidevconbhopal@rediffmail.com,1600.00,900.00
MADHURAM HEIGHTS,P-BPL-17-1396,Ongoing,9826060800,dreamtele@rediffmail.com,5800000.00,1650000.00
SBD COSMOS CITY,P-BPL-17-1404,Ongoing,9826018349,sarveshbuilders@gmail.com,3045.00,529.00
DRISHTI CITY BLOCK C,P-BPL-17-1414,Ongoing,9303137170,drishtioffset@gmail.com,487.73,4.78
PARAS HEIGHTS - PHASE 4,P-BPL-17-1417,Ongoing,9827056550,parashomes@gmail.com,17500000.00,889000.00
DRISHTI CITY BLOCK F,P-BPL-17-1423,Ongoing,9303137170,drishtioffset@gmail.com,254.83,2.46
ULTIMATE SKY VILLAS PHASE-2,P-BPL-17-1432,Ongoing,9039056497,pali@ultimateconstructions.com,225456954.53,64028297.79
VAIDHYANATH CITY,P-BPL-17-1445,Ongoing,9827641517,mansabuilders2011@gmail.com,912.40,216.00
GREENWICH TOWER,P-BPL-17-1446,Ongoing,9630086666,aryavrat.housing@gmail.com,1300.00,73.66
GLOBUS CORAL CASA PHASE-2,P-BPL-17-1447,Ongoing,9009243000,globuscoralcasa@gmail.com,838.80,286.70
VASUNDHARA HEIGHTS,P-BPL-17-1452,Ongoing,9826030614,akrealestate75@gmail.com,275.00,120.00
SHUBHAM GREENS,P-BPL-17-1453,Ongoing,8871149040,shubhamnursery@gmail.com,1130.65,250.00
DRISHTI CITY COMMERCIAL,P-BPL-17-1457,Ongoing,9303137170,drishtioffset@gmail.com,108.15,2.22
PRINCE TOWN - PHASE II,P-OTH-17-1472,Ongoing,9165316111,bilalyog@yahoo.com,252.00,89.00
IBD HALLMARK CITY (IV) PHASE-I,P-BPL-17-1474,Ongoing,8959903615,ibduniversalrera@gmail.com,1485.00,72.41
MADHURAM PLAZA,P-BPL-17-1479,Ongoing,9826060800,dreamtele@rediffmail.com,6502000.00,3200000.00
VAIDHYANATH DHAM,P-BPL-17-1486,Ongoing,9827641517,mansabuilders2011@gmail.com,1455.00,85.86
SHRI KRISHNA HEIGHTS-PHASE-IV,P-BPL-17-1495,Ongoing,9826343388,bhojpalbuilders@gmail.com,978.08,168.39
SHRI KRISHNA HEIGHTS-PHASE-III,P-BPL-17-1496,Ongoing,9826343388,bhojpalbuilders@gmail.com,1792.06,457.86
SHRI KRISHNA HEIGHTS-PHASE-II,P-BPL-17-1497,Ongoing,9826343388,bhojpalbuilders@gmail.com,906.11,271.64
"SHRI KRISHNA HEIGHTS, PHASE-I",P-BPL-17-1498,Ongoing,9826343388,bhojpalbuilders@gmail.com,2898.32,856.58
VAISHNAV DHAM - PHASE 2,P-BPL-17-1504,Ongoing,9827053668,ramtani.sk@gmail.com,1118.00,222.50
VAISHNAV DHAM - PHASE 1,P-BPL-17-1505,Ongoing,9827053668,ramtani.sk@gmail.com,983.15,222.50
UB CITY (PHASE-1),P-OTH-17-1508,Ongoing,9893587710,ubcitybhopal@gmail.com,144.94,14.87
UB CITY (PHASE-2),P-OTH-17-1509,Ongoing,9893587710,ubcitybhopal@gmail.com,425.30,37.18
APAAR CITY,P-OTH-18-1524,New,9893272725,arunmeena900@gmail.com,300.00,35.00
RRG TOWNSHIP,P-BPL-18-1525,Ongoing,7747020020,rrgbhopal@gmail.com,125570000.00,60000000.00
MAYUR VIHAR,P-OTH-18-1529,Ongoing,9826338222,omair.1924@gmail.com,4499300.00,5850000.00
AMULYAM RESIDENCY - PHASE I,P-BRS-18-1532,Ongoing,9893326289,sargroupinfra@gmail.com,700.00,895.00
SURABHI HEIGHTS,P-BPL-18-1545,Ongoing,8871712829,vishalrajani86@gmail.com,665.61,55.65
MAYUR HOMES,P-OTH-18-1548,Ongoing,9200500700,akash_colonizer@yahoo.com,0.01,0.02
ALPINE JEWEL PHASE III,P-BPL-18-1560,Ongoing,8120003291,hiplinfrastructure@gmail.com,3313.74,172.29
ALPINE JEWEL PHASE II,P-BPL-18-1561,Ongoing,8120003291,hiplinfrastructure@gmail.com,789.77,34.45
ALPINE JEWEL PHASE I,P-BPL-18-1562,Ongoing,8120003291,hiplinfrastructure@gmail.com,1227.55,55.74
ALPINE GREENAGE PHASE I,P-BPL-18-1563,Ongoing,8120003291,hiplinfrastructure@gmail.com,2435.94,210.00
AWANTIKA HOMES,P-BPL-18-1578,New,9300010091,rajankumarmishra4@gmail.com,225.00,360.00
HARIPURAM,P-BPL-18-1582,Ongoing,9826015695,trebhuvan.infra@gmail.com,0.01,0.01
IMPERIAL CITY,P-BRS-18-1584,Ongoing,9826023758,kgncolonisers@gmail.com,800.00,700.00
RAJORA ESTATE,P-BPL-18-1593,Ongoing,7828888375,rajora.rih@gmail.com,355.39,74.84
SUKH SAGAR PHASE IV,P-BRS-18-1603,Ongoing,9977626000,chawlaconstruction6000@gmail.com,1000.00,1000.00
JAI MAHADEV SMART CITY (PHASE 2),P-OTH-18-1613,Ongoing,9827098572,jprakash873@gmail.com,921.00,527.72
SILVER TOWN - PHASE I,P-OTH-18-1616,Ongoing,9993508611,info@silverarch.net,81.00,135.00
SIGNATURE S-9 PHASE-2,P-BPL-18-1623,Ongoing,,,164.59,190.91
SIGNATURE S-9 PHASE-1,P-BPL-18-1624,Ongoing,8959910931,sales@thesignaturegroup.co.in,906.17,975.00
SURABHI SMART CITY PHASE A,P-BPL-18-1651,New,9977003781,vikasramtani@gmail.com,1004.00,150.00
CORAL COTTAGE,P-BPL-18-1654,Ongoing,9993209000,globushomes@yahoo.com,476.58,85.99
BUSINESS PARK,P-BPL-18-1657,New,9755500100,sufidevelopersllp@gmail.com,,
BRIJ DHAM PHASE - 2,P-BPL-18-1660,Ongoing,9977433339,ENTELLUS.EBD@GMAIL.COM,142.84,45.22
BRIJ DHAM PHASE -1,P-BPL-18-1661,Ongoing,9977433339,entellus.bd@gmail.com,220.86,19.69
EASTERN COUNTY PHASE 3,P-BPL-18-1662,New,9826650113,mirakaar@gmail.com,1239.80,10.11
FORTUNE SUPER DEFENCE CITY,P-BPL-18-1663,Ongoing,9589925786,superbuildersbhopal@gmail.com,628.00,
PEBBLE BAY PHASE-II,P-BPL-18-1671,Ongoing,,,1264.73,614.00
PRINCE TOWN - PHASE I,P-OTH-18-1673,Ongoing,9165316111,bilalyog@yahoo.com,970.00,194.00
PRINCE TOWN - PHASE III,P-OTH-18-1674,Ongoing,9165316111,bilalyog@yahoo.com,283.00,90.00
GIRNAR VALLEY PART B,P-BPL-18-1677,Ongoing,9993490123,shriprabhakarcolonizer@gmail.com,477.86,36.23
SHAKUN SAMRADDHI MULTIUNIT NAYAPURA,P-BPL-18-1678,New,9752776837,vrohit.choubey@gmail.com,560.00,50.00
PAVITRA PARISAR,P-BPL-18-1689,Ongoing,9827053131,hindmktg43@gmail.com,382.02,18.00
AKS LAND MARK SECTOR A,P-BRS-18-1691,Ongoing,9890601510,dhlsanjeev17@gmail.com,220.00,576.82
JEET HOMES,P-BPL-18-1704,Ongoing,9074523663,jeetrajput.01@gmail.com,771.00,4.46
"TIRUPATI ML HIGHRISE BLOCK-I, PHASE-II",P-BPL-18-1713,New,9425300227,tirupatihighrise0201@gmail.com,606.80,
ABHIJATYA TOWER,P-BPL-18-1723,Ongoing,9981762233,chandeldevendra46@gmail.com,320.00,196.02
PRABHATAM PLAZA,P-BPL-18-1725,New,9311225004,info@prabhatamgroup.com,579.38,15.28
ORCHEED GREEN,P-BPL-18-1731,Ongoing,9329731894,Ombuildersbhopal@gmail.com,68.40,2.97
ROYAL GULAB CITY,P-BPL-18-1744,New,9893652543,abhishek.chwl@gmail.com,72.69,1.00
AMALTAS OASIS,P-OTH-18-1750,New,9993333657,abdullah_amaltas@yahoo.com,888.00,1770.00
REVANTA CITY,P-BPL-18-1752,Ongoing,9425014050,bhartibuilders7@gmail.com,1064.65,169.73
MAPLE TREE PHASE II,P-BPL-18-1753,Ongoing,8889323232,anmol.construction2016@gmail.com,616.00,317.90
GREAT INDIA PLACE,P-BPL-18-1754,Ongoing,9810853071,ska@collageindia.com,9750.00,2164.00
UNIHOMES,P-BPL-18-1755,Ongoing,9810853071,ska@collageindia.com,7300.00,2805.00
WINDSOR PALMS PHASE 3,P-BPL-18-1770,Ongoing,,,,
WINDSOR PALMS PHASE 2,P-BPL-18-1771,Ongoing,,,2478.37,481.37
WINDSOR PALMS PHASE 1,P-BPL-18-1772,Ongoing,,,330.00,373.71
SIGNATURE GREEN PHASE 2 (EWS BLOCK),P-BPL-18-1774,Ongoing,9826722608,rajeshparchani@gmail.com,179.17,3.96
SIGNATURE RESIDENCY PHASE 2,P-BPL-18-1775,Ongoing,9826386671,dimensions_bpl@yahoo.co.in,606.19,215.93
GOKUL APARTMENT,P-BPL-18-1791,Ongoing,7000783368,patidarprashant7@gmail.com,297.88,189.89
PALAK VIHAR - II,P-BPL-18-1794,New,9826251297,palakconstructioncompany@gmail.com,1036.27,884.00
AKS SECTOR B,P-BRS-18-1806,Ongoing,9890601510,dhlsanjeev17@gmail.com,150.00,196.56
DEVELOPMENT WORKS OF AYODHYA EXTENSION BHOPAL,P-BPL-18-1808,Ongoing,9406912017,eedn4hbbpl@mp.gov.in,494.00,65.22
NEW SHRIRAM PARISAR PHASE III (EXISTING INCOMPLETE PHASE),P-BPL-18-1815,Ongoing,9302358304,regal.paradise2010@gmail.com,578.00,144.00
"SHRI RADHA KRISHNA RESIDENCY, EWS",P-BPL-18-1818,New,9826343388,bhojpalbuilders@gmail.com,93.17,93.80
SURABHI SMART CITY PHASE B,P-BPL-18-1819,New,9977003781,vikasramtani@gmail.com,2800.00,100.00
ASHIMA OLYMPIAD,P-BPL-18-1835,New,9039569008,naresh.moolani76@gmail.com,185.00,
SAGAR LAKE VIEW HOMES-II,P-BPL-18-1838,New,7773004847,agrawalbuilders@thesagar.in,1252.61,366.95
TAPTI PRIDE,P-BPL-18-1842,Ongoing,9685090057,taptiinfra123@gmail.com,0.90,250.00
CORAL MANGAL,P-OTH-18-1843,Ongoing,9826060837,neevdevelopersbpl@gmail.com,,
ASTERIA,P-BPL-18-1852,Ongoing,9811333611,rajeshbhargava@collageindia.com,2000.00,741.00
CHTRAKOOT PHASE 2,P-BPL-18-1860,New,9229333305,chitrakoot2.2010@gmail.com,1713.00,1900.00
VAJRA TOWERS,P-BPL-18-1868,New,9893047774,casumitdhankani@gmail.com,0.01,
PREMALAY,P-BPL-18-1879,New,7748041390,sanjayanglerathour26@gmail.com,161.95,50.37
AMAR PARISAR,P-BPL-18-1895,New,9425016317,agarwal.gendalal@gmail.com,1143.95,287.58
JEET HOMES PHASE III,P-BPL-18-1906,New,9074523663,jeetrajput.01@gmail.com,3818.88,9.64
PARAS TRINITY PARK PHASE A,P-BPL-18-1907,New,9926499285,parasbhopal@parashousing.com,,
INOXE GARDEN,P-BPL-18-1911,New,7879844631,inoxeconstruction@gmail.com,2978.00,143.00
PEOPLE WORLD,P-BPL-18-1915,New,9098793122,cspeoplesgroup@gmail.com,150.00,271.42
HIMALAYA PRIDE,P-BPL-18-1923,New,9425004896,parmanivishwas@gmail.com,390.00,212.00
SHIVLOK HEIGHTS,P-BPL-18-1928,New,9826055819,draupadiconstruction@gmail.com,2319.10,702.73
KASTURI ROYAL PARK,P-BPL-18-1951,New,7000388087,jdnbhopal@gmail.com,,0.01
EVERGREEN VILLAS,P-BPL-18-1961,Ongoing,9303130291,nsiploffice@gmail.com,15.34,24.72
SAMRIDDHI TOWERS BY SRI ARIHANT BUILDERS &AMP; DEVELOPERS BHOPAL,P-BRS-18-1964,New,9425086220,dpagrawalknw@gmail.com,290.00,153.46
THE C21 MALL &QUOT;CORPORATE ZONE II&QUOT;,P-BPL-18-1965,Ongoing,8223004245,yogeshgupta@c21malls.co.in,135.47,406.42
NAKSHATRA ENCLAVE,P-BPL-18-1972,Ongoing,9893155401,rkn.buildcon@gmail.com,4950.00,51.50
"RESIDENTIAL TOWNSHIP AT KOKTA, BHOPAL UNDER PRADHAN MANTRI AWAS YOJANA (URBAN)",P-BPL-18-1980,New,9424499770,bmcmp.hfa@gmail.com,12021.55,
WEST WIND APARTMENT,P-BPL-18-1982,Ongoing,9303130291,nsiploffice@gmail.com,280.00,
BHAVISHYA KINGS PARK PHASE-1,P-BRS-18-1986,New,8120077888,pramod.bbd13@gmail.com,388.36,116.60
PARAM HEIGHTS,P-BPL-18-1988,New,9826040086,parmanivishwas@hotmail.com,177.89,36.10
SOUMYA EVERGREEN-EWS,P-BPL-18-2019,New,9827058264,soumyahomesrera@gmail.com,63.30,7.16
NAND VIHAR,P-BPL-18-2023,New,7389942131,tirupatibuilders@yahoo.com,505.00,300.00
KANTA SHRAWAN BHAGWATI,P-BPL-18-2048,New,9425302973,shrawanhomes@gmail.com,441.63,1275.00
BANSAL-ONE IN BANSAL CITY CENTRE,P-BPL-18-2055,New,7899023540,avnish@bansalgroup.net.in,9798.00,5147.00
OLIVE ENCLAVE,P-BPL-19-2087,New,9893243888,shameemkhan345q@gmail.com,950.76,3.00
RELIABLE TOWER-EWS,P-BPL-19-2102,New,9893872464,firozjam1234@gmail.com,155.00,115.00
COMFORT LUSH GREEN,P-BPL-19-2104,New,9926908363,vkbuildersbpl@gmail.com,1999.29,601.55
ASNANI VALENCIA PHASE 1,P-BPL-19-2107,New,9425020213,vishan.asnani@asnanibuilders.com,1140.34,64.18
HANUMANT VIJAY CITY,P-BRS-19-2118,Ongoing,9770094670,dreamsrealestate2014@gmail.com,93.90,51.96
CRYSTAL IDEAL CITY PHASE-IV,P-BPL-19-2120,New,9826911533,harishshivnani26@gmail.com,3203.55,70.62
SOUMYA GREENVILLE PHASE-1,P-BPL-19-2121,New,9981666323,sanjay.soumyahomes@gmail.com,410.00,170.00
PARAS TRINITY PARK PHASE B,P-BPL-19-2133,New,9926499285,parasbhopal@parashousing.com,294.00,50.50
KAJAL ENCLAVE,P-BPL-19-2141,New,9893645091,shikhar.builder@rediffmail.com,50.00,228.00
ARCHNA PARISAR,P-BPL-19-2144,Ongoing,9993551111,yogendrarajput@live.in,1800.00,800.28
AASHIMA ANUPAMA CITY PHASE 1,P-BPL-19-2150,New,9993553162,opkbpl01@gmail.com,7329.81,2993.47
GAGAN PALACE,P-BPL-19-2170,New,9826051426,edgespectra@gmail.com,185.00,50.00
PALM CITY- 2 ( GIRNAR VALLEY PHASE-3),P-OTH-19-2183,New,9713471551,formativebpl@gmail.com,260.39,
SAGAR HIGH STREET,P-BPL-19-2185,New,9977823068,shs.agrawalconstruction@gmail.com,1551.14,26.72
SAGE HERITAGE PHASE- I,P-BPL-19-2186,New,8223001854,sh.agrawalconstruction@gmail.com,2176.50,589.36
K J HEIGHTS,P-BPL-19-2191,Ongoing,9993444157,kjconstructionsbpl@gmail.com,528.50,47.26
PARSHVDHAM PHACE 2,P-BPL-19-2192,New,9669579956,jain3vivek@gmail.com,300.00,75.00
ANUPAM KASTURI-I,P-BPL-19-2199,New,9926786966,umangsharma4079@gmail.com,909.00,
SAI SIDDHA HEIGHTS BLOCK A,P-BPL-19-2207,Ongoing,9977314378,edplprojects@gmail.com,615.00,330.44
SAI SIDDHA HEIGHTS BLOCK B,P-BPL-19-2208,Ongoing,9977314378,edplprojects@gmail.com,1215.81,407.54
ONKAR ARCADE,P-BPL-19-2214,New,9827058344,rawtaniharish@gmail.com,355.00,155.25
"AFFORDABLE HOUSING PROJECT AT 12 NUMBER STOP (PHASE - 1), BHOPAL UNDER PMAY (URBAN)",P-BPL-19-2248,New,9424499770,bmcmp.hfa@gmail.com,5762.88,
"AFFORDABLE HOUSING PROJECT AT RAHUL NAGAR (PHASE - 1) NEAR RIVERA TOWNE, BHOPAL UNDER PMAY (URBAN)",P-BPL-19-2249,New,9424499770,bmcmp.hfa@gmail.com,3481.92,
SHIV OM GREEN CITY,P-BPL-19-2287,Ongoing,7869669977,meerametal.mmc@gmail.com,630.00,201.71
BALAJI PARISAR,P-BPL-19-2288,New,8120555777,balajiparisar@gmail.com,1729.00,1225.00
SAHAJ HOMES,P-OTH-19-2291,New,9826030005,pratapsaluja@gmail.com,45.00,178.00
D.K. 24 CARAT PHASE-II,P-BPL-19-2295,New,9826020191,info@dkconstructionsbhopal.com,849.60,110.00
SIGNATURE CITY PHASE 4,P-BPL-19-2309,Ongoing,7869962515,directorsdesk@thesignaturegroup.co.in,1370.47,95.66
SIGNATURE 360 PHASE 3,P-BPL-19-2310,Ongoing,8959910933,dineshvaswani@gmail.com,930.62,395.55
SAGE EMPORIA,P-BPL-19-2316,New,9826036274,se.agrawalconstruction@gmail.com,1014.00,1379.54
AWANTIKA HOMES - II,P-BPL-19-2319,New,9300010091,rajankumarmishra4@gmail.com,250.00,100.00
SATGURU TOWER,P-BPL-19-2343,New,9644662296,washisthsharma@gmail.com,225.00,91.81
ARTH DYNASTY,P-BPL-19-2346,Ongoing,7389900445,arthcolonisers@yahoo.com,38838000.00,55993000.00
MAPLE GOLD,P-BPL-19-2347,New,8889323232,anmol.construction2016@gmail.com,387.00,125.00
GREENWOOD APARTMENT,P-BPL-19-2351,New,9424474483,info@splendorrealities.com,450.00,180.00
"LOTUS GARDEN, PHASE-1",P-BPL-19-2362,New,9425020213,vishan.asnani@asnanibuilders.com,366.13,10.40
FAITH LIMITED EDITION,P-BPL-19-2363,New,7042167715,acfaithgroup2021@gmail.com,440.00,275.00
REGAL CIVIC CENTRE,P-BPL-19-2403,New,9300811299,regal.civic2010@gmail.com,276.00,19.22
SAPPHIRE TOWER,P-BPL-19-2420,New,9826231812,realtyanmol@gmail.com,587.40,168.00
SHIV AANGAN PHASE 2,P-BPL-19-2423,New,8959336677,shreeshivdevelopers@gmail.com,1640.00,
FORTUNE LANDMARK PHASE-II (A),P-BPL-19-2425,New,8962000125,nngnssm@gmail.com,1341.17,4.92
FORTUNE SOUMYA SANTOSA PHASE A,P-BPL-19-2430,New,9826021986,fortunesoumyarera@rediffmail.com,453.57,1967.93
AFFORDABLE HOUSING PROJECT AT MALI KHEDI (PHASE - 1) BHOPAL UNDER PMAY (URBAN),P-BPL-19-2434,New,9424499770,bmcmp.hfa@gmail.com,5934.90,
AFFORDABLE HOUSING PROJECT AT GANGA NAGAR (PHASE - 1) BHOPAL UNDER PMAY (URBAN),P-BPL-19-2436,New,9424499770,bmcmp.hfa@gmail.com,3311.28,
RAMEEK HOMES,P-BPL-19-2457,Ongoing,9752426222,obd_17@yahoo.com,190.00,77.62
FORTUNE SOUMYA ATLANTIS PHASE 5,P-BPL-19-2466,New,9826021986,fortunesoumyarera@rediffmail.com,69.99,6.62
SAGE SUNCITY PHASE - I B,P-BPL-19-2468,New,9294821067,ss.agrawalconstruction@gmail.com,699.48,9.70
SAGE SUNCITY PHASE - I A,P-BPL-19-2469,New,9294821067,ss.agrawalconstruction@gmail.com,450.00,61.04
RRV REGAL,P-BPL-19-2476,New,9131050664,shweta.dixit@evoge.co.in,1250.00,187.91
KASTURI HABITAT,P-BPL-19-2492,New,9826069579,stutidevconbhopal@rediffmail.com,2481.00,2000.00
SAGAR PEARL PHASE-II,P-BPL-20-2494,New,9425040003,agrawalconstruction@rediffmail.com,2145.19,197.97
VARDHMAN CITY PHASE-II,P-BPL-20-2505,New,9131995176,vardhmanconstructionsbpl@gmail.com,310.00,25.00
SHIKHAR MERIDIAN VARDHMAN CITY,P-BPL-20-2515,New,9131995176,vardhmanconstructionsbpl@gmail.com,865.00,472.00
MADHUBAN HEIGHTS,P-BPL-20-2518,New,9109199555,sumitdhankani160@gmail.com,4869.58,1524.47
ABHYUDAYAM JANKI RESIDENCY,P-BPL-20-2519,New,7970011104,abhyudayamassociates@gmail.com,335.13,351.01
STERLING BALAJEE SURAKSHA ENCLAVE,P-BPL-20-2524,New,9303131513,sterlingbalajeerealty@gmail.com,897.97,756.52
SHANKARCHARYA SAFFRON PALACE,P-BPL-20-2526,New,9425010937,rakhi.constructions@rediffmail.com,252.00,
PARK CITY SECTOR 7 PHASE 2,P-BPL-20-2528,New,9926765283,sector7phoenix2@gmail.com,67.00,105.60
SHIV KASTURI VATIKA,P-BPL-20-2538,New,9479355538,shivenclave@hotmail.com,600.00,380.54
C I THE PARK,P-BPL-20-2541,New,9893949498,cibuilders08@gmail.com,377.00,435.00
CORAL WOODS PHASE-III,P-BPL-20-2542,New,9009243000,abdevelopers19@gmail.com,560.00,2267.18
SOUMYA MARVELLA,P-BPL-20-2543,New,9981666323,sanjay.soumyahomes@gmail.com,21000000.00,5004000.00
"CONSTRUCTION OF 141 HIG DUPLEX (66 HIG-B-I, 9 HIG-B-II, 57 HIG A-II AND 9 HIG-A-I) AT AYODHYA EXTENS",P-BPL-20-2573,New,9406912017,eedn4hbbpl@mp.gov.in,4237.00,65.22
AYESHA ENCLAVE,P-BPL-20-2574,New,9425005014,nikunjgarg.0001@gmail.com,120.00,100.33
KANTA SHRAWAN JYOTI EXTENSION,P-BPL-20-2575,New,9425302973,shrawanhomes@gmail.com,300.00,588.22
ASNANI SANTA FE PHASE 1,P-BPL-20-2586,New,7869950233,sales@asnanibuilders.com,892.69,56.48
VEER APARTMENT,P-BPL-20-2596,New,9993335142,virdeveloper2019@gmail.com,275.00,178.78
AMALTAS GREEN VALLEY,P-BPL-20-2603,New,7828512394,amaltas.bpl@gmail.com,137.00,11.00
FORTUNE SOUMYA ATLANTIS PHASE 7,P-BPL-20-2609,New,9826021986,fortunesoumyarera@rediffmail.com,270.91,32.49
REGALIA PALACE BLOCK 1 (B &AMP; C),P-BPL-20-2614,New,9893243888,shameemkhan345q@gmail.com,2700.00,283.00
INOXE GREEN,P-BPL-20-2633,New,9425028915,inoxegarden@gmail.com,500.00,13.75
AFFORDABLE HOUSING PROJECT AT BAGHMUGALIYA (PHASE - 1) BHOPAL UNDER PMAY (URBAN),P-BPL-20-2640,New,9424499933,bmcmp.hfa@gmail.com,3121.27,
AFFORDABLE HOUSING PROJECT AT BHANPUR (PHASE - 1) BHOPAL UNDER PMAY (URBAN),P-BPL-20-2641,New,9424499933,bmcmp.hfa@gmail.com,5485.10,
SILVER SPRING,P-BPL-20-2642,New,9827098572,jprakash873@gmail.com,480.00,90.35
PATEL NAGAR,P-BPL-20-2660,Ongoing,9826083602,adbhut@hotmail.com,9.00,0.82
SIYA,P-BPL-20-2661,New,9893302611,palashrealtty@gmail.com,50.00,65.00
SHANKARACHARYA DHAM,P-BPL-20-2664,New,9425010937,rakhi.constructions@rediffmail.com,400.00,16.70
WHISPERING PALMS PHASE-IV,P-BPL-20-2686,New,9827094884,sterling_builders@yahoo.in,114.33,187.05
MISROD PHASE-1 YOJNA (BABDIYA KALA),P-BPL-20-2692,New,9406565263,er.p.c.choudhary@gmail.com,8995.38,
CYSTAL IDEAL CITY,P-BPL-20-2705,New,9826911533,harishshivnani26@gmail.com,386.23,35.13
GANPATI GOLDMINE,P-BPL-20-2716,New,9406517487,vinodsinghdec4@gmail.com,1090.83,445.00
SAGE MILESTONE PHASE - I A,P-BPL-20-2734,New,8103091932,sm.agrawalconstruction@gmail.com,100.00,73.31
MASTERS RESIDENCY APARTMENT,P-BPL-20-2736,New,9826529077,gurjar2010@gmail.com,90.00,128.00
AAMRA GREEN,P-OTH-20-2759,New,9826094470,aamrashree2019@gmail.com,478.00,375.00
AMALTAS PINEWOOD,P-OTH-20-2768,New,7828512394,amaltas.bpl@gmail.com,,
SAMARA GOLD PHASE - 1,P-BPL-20-2776,New,9826388384,dhirendra.yadav@samaragroup.co.in,1500.00,4500.00
SHEETAL PARADISE PHASE-2,P-BPL-20-2789,New,8370083390,bpsvirk09@yahoo.in,708.19,53.00
STERLING GLOBE GRAND PHASE- III,P-BPL-20-2793,New,9303139822,sterlingglobebuilders@yahoo.in,41.84,156.23
CROMWELL TOWER,P-BPL-20-2798,Ongoing,9630086666,aryavrat.housing@gmail.com,1877.00,22.73
ABD LAND PARCELS PHASE 2,P-BPL-21-2824,New,9425302339,estateofficer@smartbhopal.com,3053.00,
ABD LAND PARCEL PHASE 1,P-BPL-21-2825,New,9425302339,estateofficer@smartbhopal.com,2231.00,
ABD COMMERCIAL COMPLEX (PROJECTS),P-BPL-21-2826,New,9425302339,estateofficer@smartbhopal.com,2500.00,
SAGE SUNCITY - II,P-BPL-21-2837,New,9294821067,ss.agrawalconstruction@gmail.com,1023.00,390.59
SECTOR 7 PARK CITY PHASE 1,P-BPL-21-2840,New,9424401955,khanrizwan.pr@gmail.com,15.00,900000.00
SAGE GOLDEN SPRING PHASE - II &AMP; IV,P-BPL-21-2843,New,9301325626,sgs.agrawalconstruction@gmail.com,217.00,215.28
"CONSTRUCTION OF HOUSES AT SWAMI VIVEKANAND AVASIYA PARISAR, KATARA HILLS, BHOPAL",P-BPL-21-2845,New,9406565263,er.p.c.choudhary@gmail.com,1090.00,
GEET REYALTY ( SAGE GREEN CITY ),P-BPL-21-2846,New,7805802005,agrawalplaza@gmail.com,550.00,473.62
VAYU ROYAL ENCLAVE 1,P-BPL-21-2852,New,9200000055,vayubuildcon123@gmail.com,409.76,201.54
PRABHATAM HEIGHTS PHASE-4,P-BPL-21-2865,New,9893905208,info@prabhatamgroup.com,1018.76,192.76
OPERA CITY,P-BPL-21-2866,New,9826223123,gndevelopers0@gmail.com,200.00,431.00
PRIME AVENUE PHASE-I,P-BPL-21-2881,New,9755595781,primeavenuebhopal@gmail.com,,
BRITISH PARK PHASE III,P-OTH-21-2893,New,9630086666,aryavrat.housing@gmail.com,353.83,98.18
VARDHMAN CITY PHASE-III,P-BPL-21-2899,New,9131995176,vardhmanconstructionsbpl@gmail.com,1278.00,158.00
KASTURI ARCADE,P-BPL-21-2915,New,7000388087,jdnbhopal@gmail.com,130.50,241.60
AMALTAS GOLD ESTATE,P-BPL-21-2929,New,7828512392,corporate@amaltasindia.com,40000000.00,150000000.00
URBAN RIVER (DUPLEXES ),P-BPL-21-2936,New,9826059988,vipin.patidar.vp@gmail.com,2500.00,
REGAL KALASH PHASE-II,P-BPL-21-2945,New,9229333305,chitrakoot2.2010@gmail.com,185.66,390.00
AWANTIKA HOMES - IV,P-BPL-21-2952,New,9300010091,rajankumarmishra4@gmail.com,774.00,704.00
MAHALAXMI PARISAR II,P-BPL-21-2953,New,7389942131,tirupatibuilders@yahoo.com,6391500.00,15160000.00
ELIXIR GARDEN PHASE-III,P-BPL-21-2955,New,8085601688,rsprojectsbhopal2021@gmail.com,83.92,
ARYAN VILLA,P-BPL-21-2962,New,9826251297,palakconstructioncompany@gmail.com,1439.00,517.70
SANSKRITI CITY,P-BPL-21-2967,New,7879156076,finance.pakiza@gmail.com,1150.00,433.78
SHIKHAR ESTATE,P-BPL-21-2968,New,9893645091,shikhar.builders@rediffmail.com,217.00,420.00
AWANTIKA HOMES - III,P-BPL-21-2969,New,9300010091,rajankumarmishra4@gmail.com,271.00,312.00
PARSHVDHAM PHACE-3,P-BPL-21-2981,New,9669579956,jain3vivek@gmail.com,400.00,
GANPATI ROYAL,P-BPL-21-2985,New,9406517487,vinodsinghdec4@gmail.com,39.62,158.59
KRISHNA VIHAR,P-BPL-21-2995,New,9826343388,bhojpalbuilders@gmail.com,68.73,500.00
SURAMYA PARISAR PHASE-1 AT AYODHYA EXTENSION BHOPAL,P-BPL-21-3009,New,9425013202,dilipbatham2jan@gmail.com,3690.00,13.31
ORCHARD VALLEY,P-BPL-21-3015,New,9826030403,swadeshdb@yahoo.co.in,3351.52,246.08
ANI VILLA,P-BPL-21-3028,New,8989777909,esscondesigns@gmail.com,350.35,10.07
SKY CITY,P-BPL-21-3031,New,9425006234,shailvkshukla@gmail.com,206.77,58.17
BGS INFRA,P-BPL-21-3040,New,9179095555,bgsinfra555@gmail.com,32.93,78.00
SAI SPARSH 2 EXTENSION,P-BPL-21-3042,New,8269209910,sarodegopal7@gmail.com,,7594000.00
SAGE MILESTONE PHASE - I B,P-BPL-21-3050,New,8103091932,sm.agrawalconstruction@gmail.com,1730.00,133.30
GANPATI ECO,P-BPL-21-3051,New,9406517487,vinodsinghdec4@gmail.com,55.74,139.64
ORCHARD MAJESTY,P-BPL-21-3063,New,9826630403,naman.agrawal7246@gmail.com,5605.28,4033.51
SILVER SPRINGS PREMIUM,P-BPL-21-3084,New,9910878049,adikishore5@yahoo.in,15.00,0.40
FORTUNE SOUMYA ATLANTIS PHASE- 8,P-BPL-21-3086,New,9826021986,fortunesoumyarera@rediffmail.com,822.01,56.31
RK HOMES,P-BPL-22-3115,New,9301682626,abdultofik9876@gmail.com,80.20,56.42
ELIXIR MEADOWS,P-BPL-22-3116,New,8085601688,rsprojectsbhopal2021@gmail.com,106.50,
PRADHAN PRISTINE,P-BPL-22-3120,New,9826030250,pradhanhomes@gmail.com,2497.15,14.80
SAGE HERITAGE PHASE II - B,P-BRS-22-3121,New,8223001854,sh.agrawalconstruction@gmail.com,62.30,129.81
SAGE HERITAGE PHASE II - C,P-BPL-22-3127,New,8223001854,sh.agrawalconstruction@gmail.com,442.00,165.12
SAGE HERITAGE PHASE - I B,P-BPL-22-3137,New,8223001854,sh.agrawalconstruction@gmail.com,137.00,124.11
KRISHNA ENCLAVE,P-BPL-22-3160,New,9425015068,ktrconstructions.ind@gmail.com,2385.00,750.80
REGAL KALASH PHASE-III,P-BPL-22-3176,New,9229333305,chitrakoot2.2010@gmail.com,0.02,0.03
CI THE PARK EXTENSION,P-BPL-22-3204,New,9893949498,cibuilders08@gmail.com,819.00,945.00
KALASH ROYAL VILLAS,P-BPL-22-3215,New,7987295179,info@kalashgroup.net,802.00,708.00
VARDHMAN MEDICAL PLAZA,P-BPL-22-3240,New,9109107400,godhaharshit30@gmail.com,200.00,200.00
SAGAR PRIME,P-BPL-22-3256,New,7773004847,agrawalbuilders@thesagar.in,5040.87,962.19
SHASHWAT APARTMENTS,P-BPL-22-3272,New,9826055819,draupadiconstruction@gmail.com,1477.11,356.48
ANADI VILLAS,P-BPL-22-3274,New,9826055819,draupadiconstruction@gmail.com,,0.01
DEVALAYA SHRINE,P-BPL-22-3278,New,9425100007,devalaya.builders@gmail.com,512.26,54.33
PREM AROHAN PHASE-2,P-BPL-22-3294,New,8889966789,pscbpl1971@gmail.com,300.00,27.82
SPRING VALLEY DEW VILLAS,P-BPL-22-3297,New,7869950233,sales@asnanibuilders.com,28.55,78.75
MEENAKSHI NORTH PHASE-1,P-BPL-22-3302,New,9303132093,meenakshibuildersbpl@gmail.com,624.06,3092.76
DREAM HEIGHTS,P-BPL-22-3312,New,9827780878,jpadam222@gmail.com,155.83,104.00
MEENAKSHI BUILDERS NORTH AVENUE PHASE-3,P-BPL-22-3329,New,9303132093,meenakshibuildersbpl@gmail.com,391.66,1939.92
ALEXANDRA TOWER,P-BPL-22-3346,Ongoing,9630086666,aryavrat.housing@gmail.com,1218.00,14.72
SAGE GOLDEN SPRING PHASE - I,P-BPL-22-3358,New,9301325626,sgs.agrawalconstruction@gmail.com,9421.00,238.70
SAGE HERITAGE PHASE - II,P-BPL-22-3359,New,8223001854,sh.agrawalconstruction@gmail.com,175.00,301.94
"ESSARJEE SAMPADA, PHASE - 4",P-BPL-22-3367,New,9826024221,essarjee@gmail.com,1656.95,10.01
SAGE GOLDEN SPRING PHASE - III,P-BPL-22-3389,New,9301325626,sgs.agrawalconstruction@gmail.com,2556.50,89.73
PRIME AVENUE PHASE-2,P-BPL-22-3393,New,9755595781,primeavenuebhopal@gmail.com,0.01,
SHIV VATIKA,P-BPL-22-3394,New,7880043334,swapnilrealestatebpl@gmail.com,1200.00,494.40
SAGE MILESTONE PHASE - I C,P-BPL-22-3410,New,8103091932,sm.agrawalconstruction@gmail.com,2046.20,76.77
CORAL WOODS PHASE-IV,P-BPL-22-3425,New,9009243000,abdevelopers19@gmail.com,22.50,142.86
SHRI RADHA KRISHNA VIHAR,P-BPL-22-3448,New,9303572266,kumud@atishay.com,534.51,70.09
SATVIK PARISAR,P-BPL-22-3460,New,9826538195,anand.nityanand.tiwari@gmail.com,81.00,239.15
ANMOL VILLAS,P-BPL-22-3466,New,9039569008,naresh.moolani76@gmail.com,200.00,160.30
RAJDEEP HOMES,P-BPL-22-3471,New,9630777910,prakalpinfraestatellp@gmail.com,310.00,123.62
DK 24 CARAT PHASE-5,P-BPL-22-3478,New,9826020191,info@dkconstructionsbhopal.com,2609.97,201.04
FORTUNE SOUMYA SANTOSA PHASE-B,P-BPL-22-3479,New,9826021986,fortunesoumyarera@rediffmail.com,418.31,2024.19
CORAL HEIGHTS,P-BPL-22-3484,New,9826999992,gnexttradingcompany@gmail.com,,321.75
DK 24 CARAT PHASE-6,P-BPL-22-3487,New,9826020191,info@dkconstructionsbhopal.com,1627.77,140.50
REGAL KASTURI PHASE-II,P-BPL-22-3497,New,9302358304,regal.kalash2010@gmail.com,188.15,395.65
"DEVELOPMENT OF 26.09 ACRE LAND (PHASE-I) AT KHAJURI KALAN , BHOPAL",P-BPL-22-3512,New,9425013202,dilipbatham2jan@gmail.com,3552.30,5302.10
APAR KALASH CITY,P-BPL-22-3540,New,7470571362,vknaswa@rediffmail.com,223.00,156.52
SAGAR ELITE,P-BPL-22-3546,New,8122436742,agrawalbuilders@thesagar.in,1735.89,3059.87
GLOBUS ANANDAM PHASE - I,P-BPL-22-3548,New,9669696154,globusinfrabpl@gmail.com,570.00,492.10
REGAL TULSI,P-BPL-22-3549,New,9425007757,regal.tulsi2010@gmail.com,1616.11,1132.50
SUNRISE HEIGHTS,P-BPL-22-3550,New,9669021966,ventures.landmark@gmail.com,1312.00,1000.00
LOTUS VILLA,P-BPL-22-3552,New,9827216478,v22chouksey@gmail.com,3093.00,2130.00
SIGMA GREENS,P-BPL-22-3557,New,9827384831,arvind.kori88@gmail.com,167.83,183.10
BALAJI HOMES,P-BPL-22-3560,New,9713605810,wazirbuildcon@gmail.com,233.24,325.00
AARADHYAM PEARL,P-BPL-22-3568,New,6268335470,skreal21@gmail.com,115.40,456.32
SHREE DHAM VATIKA,P-BPL-22-3570,New,9302169001,shreedham24@gmail.com,610.83,65.00
NILAY-LL,P-BPL-22-3577,New,9229217242,deependrasnsingh@gmail.com,15.68,21.43
HARSHITA SMART CITY,P-BPL-22-3583,New,9893054321,kinfrapl@gmail.com,1800.00,1591.42
NILAY,P-BPL-22-3594,New,9229217242,deependrasnsingh@gmail.com,41.51,100.97
VIRASHA NISARGA PHASE-1,P-BPL-22-3615,New,9826056671,virashanisargainfra@gmail.com,5646.45,1324.75
VIRASHA NISARGA PHASE-2,P-BPL-22-3619,New,9826056671,virashanisargainfra@gmail.com,2648.08,774.98
CENTRAL PARK,P-BPL-22-3622,New,9826029301,niteshraikwar@yahoo.com,1442.61,1500.00
REGAL DEEP,P-BPL-22-3636,New,9229333305,chitrakoot2.2010@gmail.com,1036.00,1216.00
PALM SPRINGS,P-BPL-22-3649,New,9981155855,deepesh@asnanibuilders.com,384.39,85.54
FORTUNE ATLANTIS PHASE-II A,P-BPL-22-3657,New,9827056370,fortunebuildersbpl@gmail.com,947.20,88.56
ORBIT ARCADE,P-BPL-22-3664,New,9630654896,vikasparmani@gmail.com,189.50,97.06
AASHIMA DIVINE INFINITY,P-BPL-22-3668,New,6232378385,krishnadevelopersrera@gmail.com,2086.29,2483.50
URBAN GREEN VILLAS,P-BPL-22-3680,New,8989005127,urbangreensbuilders@gmail.com,332.35,64.00
AASHIMA ARKA,P-BPL-22-3692,New,9993553162,vikasbathma07@gmail.com,3208.42,1845.74
18TH AVENUE,P-BPL-22-3696,New,9644292015,pdevelopers292@gmail.com,10640.00,6100.00
MACKER PALM VISTA,P-BPL-22-3702,New,9826051759,neerajmacker@mackerrealventures.com,300.00,1050.00
ELEGANT BUSINESS SQUARE,P-BPL-22-3704,New,8359888000,chawla.associates2017@gmail.com,1074.09,1441.00
DREAM LUXURIA,P-BPL-22-3716,New,7024108518,dreamdevelopers2022@gmail.com,1567.30,425.00
KRISHNA ENCLAVE II,P-BPL-22-3720,New,9425015068,ktrconstructions.ind@gmail.com,1386.51,391.18
"COMPOSITE HOUSING SCHEME KRISHNA VIHAR, SUNKHERI BHOPAL",P-BPL-22-3724,New,9425007813,eedn6hbbpl@mp.gov.in,4119.42,1015.69
SHRI BALAJI HOMES,P-BPL-22-3733,New,9425606782,shribalajihomes221@gmail.com,32.98,31.00
MADAN MAHARAJ KASTURI TRADE CENTER,P-BPL-22-3757,New,9826744499,kartikdevcon@gmail.com,2177.00,2722.26
AASTHA GARDEN,P-BPL-22-3813,New,9098225460,ajayfortune@yahoo.com,762.97,3064.20
SHRI KRISHNA GOWARDHAN CAMPUS,P-BPL-22-3832,New,9826144459,krishna.govardhan0755@gmail.com,178.94,
VIRASHA NISARGA LUXURIA,P-BPL-23-3841,New,9826056671,virashanisargainfra@gmail.com,2168.61,536.06
BALAJI PARISAR PHASE-II,P-BPL-23-3842,New,8120256232,luckyrealestatedevelopers@gmail.com,3008.00,2471.83
KASTURI ROYAL PARK 2,P-BPL-23-3847,New,9993160144,rahulpataskarn72@gmail.com,170.10,241.36
KASTURI MILESTONE,P-BPL-23-3848,New,9826744499,kartikdevcon@gmail.com,2725.00,1850.00
BALAJI ISHWARI NIWAS,P-BPL-23-3850,New,8889944771,balajiniwas591@gmail.com,860.00,580.00
SIGNATURE BUSINESS PARK,P-BPL-23-3858,New,9827269264,v.inder@yahoo.com,714.70,1048.86
RAJAT EDEN WOOD,P-BPL-23-3859,New,9755510806,rajatinfra@gmail.com,155.30,64.98
ADARSH VIHAR,P-BPL-23-3874,New,8358809248,faisalsiddiqui56@yahoo.in,800.00,897.00
SAGE NIRVANA PHASE - I,P-BPL-23-3875,New,9630847317,sagenirvana22@gmail.com,621.83,1878.13
PRIME AVENUE PHASE-3,P-BPL-23-3886,New,9755595781,primeavenuebhopal@gmail.com,886.40,25.78
FORTLEZA PHASE II,P-BPL-23-3901,New,7354990303,rerafortleza@mirchandanigroup.com,2015.00,7.00
KASTURI SMART CITY,P-BPL-23-3905,New,7000388087,jdnbhopal@gmail.com,440.73,524.03
BRITISH PARK PART-B,P-BPL-23-3909,New,9630086666,aryavrat.housing@gmail.com,133.96,2.42
ULTIMATE SKY VILLAS - III,P-BPL-23-3917,New,9039056497,pali@ultimateconstructions.com,1123.79,91.53
"SAMARA GOLD, BLOCK-C PHASE -2",P-OTH-23-3946,New,9826388384,dhirendra.yadav@samaragroup.co.in,1135.00,1235.00
SARLA ELITE,P-BPL-23-3948,New,9165570870,mohitsachdev07@gmail.com,1466.00,390.08
DEVKI DHAM,P-BPL-23-3953,New,9425393564,parshad35dinesh@gmail.com,350.00,152.00
DEVALAYA DIVYA,P-BPL-23-3975,New,9425100007,devalaya.builders@gmail.com,0.01,
NANAK NIWAS IV,P-BPL-23-3998,New,9977255837,chandansinghcontractor2@gmail.com,494.41,52.48
BALAJI PEARL,P-BPL-23-4008,New,9926351810,prashantsaran1990@gmail.com,44.42,161.81
REGAL BANNAJI PARISAR,P-BPL-23-4021,New,9229333305,chitrakoot2.2010@gmail.com,147.20,664.18
STC EARTH,P-BPL-23-4044,New,9229220351,stclifespaces@gmail.com,515.00,117.44
OCEAN PARK,P-BPL-23-4050,New,9302331028,santoshkhemchandani@gmail.com,1070.00,
BHAGYODAY,P-BPL-23-4056,New,8819098888,pankaj.lalwani@yahoo.com,0.01,
KALASHREE PARADISE,P-BPL-23-4060,New,9926221411,kalashreefaithconstructions@gmail.com,245.53,330.98
DREAM HEIGHT PHASE - I,P-BPL-23-4080,New,8817355533,dreams.realty.bhopal@gmail.com,10.75,85.13
PALAK VIHAR- 2 EXTENSION,P-BPL-23-4081,New,9826251297,palakconstructioncompany@gmail.com,637.75,20.00
KASTURI SMART CITY 2,P-BPL-23-4083,New,8319317883,info.jdninfra@gmail.com,301.33,557.00
SAI VATIKA,P-BPL-23-4127,New,8989015043,shubhamtrivedi111@gmail.com,105.94,135.00
BLING SQUARE,P-BPL-23-4141,New,7773009533,sarthibhopal@gmail.com,7314.75,3456.00
GARGI HEIGHTS,P-BPL-23-4163,New,9644866656,singhandsonsdev@gmail.com,465.60,275.00
FORTUNE ATLANTIS PHASE-II C-2,P-BPL-23-4174,New,9827056370,fortunebuildersbpl@gmail.com,670.02,43.54
VRINDAVAN PHASE - I,P-BPL-23-4176,New,9755658888,kkbpltd22@gmail.com,209.74,95.58
KANHA CAMPUS,P-BPL-23-4180,New,9111751399,bul.sanjayyadav12@gmail.com,70000000.00,17000000.00
LAKE COURTYARD HEIGHTS,P-BPL-23-4233,New,9589925786,superbuildersbhopal@gmail.com,1490.06,14.40
VARDHMAN FAIRMONT,P-BPL-23-4246,New,9109105200,surbhit19godha@gmail.com,1252.00,339.00
GANPATI ATRIUM,P-BPL-23-4254,New,9425006430,omaccessrealtygst@gmail.com,401.00,118.27
"CONSTRUCTION OF 120 FLATS UNDER TULSI GREENS INCLUDING INTERNAL WATER SUPPLY, SANITARY FITTINGS ELEC",P-BPL-23-4277,New,9425007813,eedn6hbbpl@mp.gov.in,20877.30,4655.00
SHREE DAULAT HOMES,P-BPL-23-4281,New,8839071845,aandlassociates31@gmail.com,,
AAMRA VALLEY PHASE-3,P-OTH-23-4296,New,9826079479,ujjawala2011@gmail.com,650.51,13.08
RUDRAKSH KINGSTON PHASE -1,P-BPL-23-4298,New,9425011885,info@shaligramdeveloper.com,15887.79,3046.73
GREEN VALLEY PHASE-I,P-BPL-23-4303,New,9993962211,rakeshkush279@gmail.com,255.92,442.64
FORTUNE ACHARYA ENCLAVE,P-BPL-23-4324,New,9827056370,fortunebuildersbpl@gmail.com,1390.00,11.76
GREEN VALLEY PHASE-II,P-BPL-23-4326,New,9993962211,rakeshkush279@gmail.com,202.28,558.82
SIDDHI VINAYAK CAMPUS,P-BPL-23-4327,New,9171734608,siddhivinayakbuilders84@gmail.com,106.00,319.92
SHIV LOK,P-OTH-23-4340,New,7880043335,swapnilbpl434@gmail.com,122.00,435.66
CORAL WOODS PHASE - V,P-BPL-23-4350,New,9009243000,abdevelopers19@gmail.com,3598.83,2174.99
KILOL BUNGALOWS PHASE-II,P-BPL-23-4356,New,9303134334,prithviestate13@gmail.com,142.37,191.06
BUNDELKHAND GOLDEN CITY,P-BPL-23-4379,New,9285551984,bundelkhand44@gmail.com,60.00,107.33
SANSKAAR PARADISE,P-BPL-23-4391,New,9826529757,bpsvirk09@yahoo.in,1481.13,39.60
SURMAYA PARISAR PHASE-II AYODHYA EXTENSION BHOPAL,P-BPL-23-4400,New,9406912076,g.k.raikwar@gmail.com,11731.49,13.31
GREEN CITY EXTENSION,P-BPL-24-4457,New,7354815577,mayank.kapoor@krishnahomesbhopal.in,3228.64,1222.87
TIRUPATI HOMES BY R C L BUILDCON PVT. LTD.,P-BPL-24-4458,New,9300814717,rclbuildcon2019@gmail.com,2473.30,405.60
AFFORDABLE HOUSING PROJECT AT RASLA KHEDI - BHOPAL UNDER PMAY (URBAN) - HOUSING FOR ALL MISSION,P-BPL-24-4488,New,9424499853,bmcmp.hfa@gmail.com,1350.98,
SKYLINE VILLAS,P-BPL-24-4491,New,9826936555,ihitpalsingh@gmail.com,105.46,330.00
GRANDEUR HEIGHTS,P-BPL-24-4499,New,6264166344,rajeshnamdev@gmail.com,1085.00,560.00
BUCKINGHAM COURT CLUSTER-2,P-BPL-24-4504,New,9584132424,aryavrat.housing@gmail.com,208.70,106.82
A.P. ENCLAVE,P-BPL-24-4505,New,9993959455,ap.constructions002@gmail.com,1791.52,1763.20
AWANTIKA BUSINESS CENTRE AND AWANTIKA HOMES-5,P-BPL-24-4526,New,9300010091,rajankumarmishra4@gmail.com,2500.00,2852.13
MADHUBAN DIAMOND HEIGHTS,P-BPL-24-4528,New,9826095708,rpsharma009@gmail.com,2250.00,398.06
AMAR VIHAR,P-BPL-24-4549,New,9425016317,amar.parisar@gmail.com,653.33,859.93
RUDRAKSH KASTURI PHASE-LL,P-BPL-24-4557,New,9827042847,nirvanalifespaces@yahoo.com,1670.00,
KALYANI KUNJ TOWN,P-BPL-24-4559,New,9826740191,kalyani.infrast@yahoo.com,200.50,342.25
MADHUBAN GREEN VALLEY,P-BPL-24-4597,New,9826095708,rpsharma009@gmail.com,1225.36,1080.00
NIKHIL SERENE,P-BPL-24-4673,New,9993954862,nikhillalwani1305@gmail.com,666.05,302.05
SAGE SUN VILLAS PHASE - I,P-BPL-24-4678,New,7771001863,ss.agrawalconstruction@gmail.com,550.00,241.26
SAGE BUNGALOW,P-BPL-24-4690,New,9826364377,sc.agrawalconstruction@gmail.com,32.00,224.66
SAGE NIRVANA PHASE - II,P-BPL-24-4730,New,9630847317,sagenirvana22@gmail.com,170.00,25.18
DEVALAYA DIVYA-II,P-BPL-24-4773,New,9425100007,devalaya.builders@gmail.com,723.00,368.00
KASTURI HABITAT PHASE-II,P-BPL-24-4781,New,9425027166,highnetworthenterprisesllp@gmail.com,327.32,2338.18
SHIKHAR HEIGHTS,P-BPL-24-4804,Ongoing,9893645091,shikhar.builders@rediffmail.com,572.73,53.62
SIDDHI SHUBHAM,P-BPL-24-4819,New,9981665221,vishaldeveloper2010@gmail.com,600.00,120.00
AAMRA NIVAASA,P-BPL-24-4895,New,9926673057,ujjawalaubd2022@gmail.com,1423.60,1376.02
SAGAR ELITE-2,P-BPL-24-4906,New,8122436742,agrawalbuilders@thesagar.in,2215.49,515.64
DEV CITY,P-BPL-24-4925,New,9009844272,devcity2024@gmail.com,94.17,694.00
"PMAY SCHEME, RAHUL NAGAR PART-1, PHASE-2, KOTRA SULTANABAD",P-BPL-24-4926,New,9424499853,bmcmp.hfa@gmail.com,12499.31,
ADINATH DHAM,P-OTH-24-4932,New,9479721895,sanjayjain25468@gmail.com,514.32,119.05
RESIDENTIAL CUM COMMERCIAL PROJECT AT ALAM NAGAR - BHOPAL UNDER PRADHAN MANTRI AWAS YOJNA (URBAN) -,P-BPL-24-4939,New,9424499853,bmcmp.hfa@gmail.com,1849.48,
AMALTAS URBAN CITY,P-BPL-24-4940,New,7828512392,corporate@amaltasindia.com,4141.00,2236.00
SURENDRA PLAZA,P-BPL-24-5007,New,9425301567,girijacolonizers@gmail.com,1600.00,2200.00
SANJANA RESIDENCY,P-BPL-24-5010,New,9893593771,globalinfra.residency@gmail.com,93.16,1.43
GALAXY SQUARE,P-BPL-24-5048,New,7772972270,galaxysquarebhopal@gmail.com,409.54,34.74
TAKSHASHILA HOMES,P-OTH-24-5086,New,9893322004,kishorpatidar111@gmail.com,452.00,195.55
LAVKUSH HEIGHTS,P-BPL-24-5107,New,9406725662,eedn5hbbpl@mp.gov.in,3016.00,
AASHIMA ANUPAMA CITY PHASE II,P-BPL-24-5109,New,9993553162,vikasbathma07@gmail.com,6828.25,3313.18
HUB 04,P-BPL-24-5112,New,9111220111,vinodyadav787@gmail.com,70.00,29.10
FORTUNE ELITE,P-BPL-24-5114,New,9827056370,fortunebuildersbpl@gmail.com,,
COURTYARD PRIME,P-BPL-24-5116,New,9111888333,chandrashekharpandey04@gmail.com,857.70,1466.28
PRITHVI COURTYARD PHASE 2-A,P-BPL-24-5124,New,9303131215,sahibprithvi@gmail.com,1426.47,1.41
GREEN VILLE,P-BPL-24-5168,New,9109240499,shiningreality.mail@gmail.com,453.40,861.73
CREATION VIEW,P-BPL-24-5186,New,9425014603,creationdevelopers23@gmail.com,1500.00,900.00
GOKUL DHAM,P-BPL-24-5206,New,8817291089,shivamdutt06@gmail.com,92.00,235.83
AFFORDABLE HOUSING PROJECT AT GANGA NAGAR (PHASE -2) - BHOPAL UNDER PRADHAN MANTRI AWAS YOJNA (URBAN,P-BPL-24-5259,New,9424499853,bmcmp.hfa@gmail.com,1872.00,
JAI MAHADEV GREENS,P-BPL-24-5277,New,9770166781,aswani.mukul7@gmail.com,152.00,270.00
KAROND BUSINESS CENTER (KBC),P-BPL-24-5286,New,8517927500,corralbuilderllp45@gmail.com,2767.76,447.00
ANADI VILLAS PHASE-2,P-BPL-24-5294,New,9826055819,draupadiconstruction@gmail.com,150.36,491.06
SIDDHI SANSKRITI PHASE A-1,P-BPL-24-5301,New,7974838128,siddhisankriti2025@gmail.com,1680.00,
